org_name,persona,tier,buyer_role,program_name,signal_level,signal_url,signal_date,accepts_outside_programs,email,email_type,email_source_url,email_source_date,homepage_url,notes
Leadership Akron,P1,1,Programs & Operations / general inbox,Community Leadership Institute 2027 (4 program days),A,https://www.leadershipakron.org/lacli,program days 2027-02-10 to 2027-03-24 (page undated),not stated,info@leadershipakron.org,role_inbox,https://www.leadershipakron.org/lacli,2026-10-09,https://www.leadershipakron.org,"Best fit day: 2027-03-24 Civic Leadership & Justice. Page also prints a named VP of Programs & Operations with email; not used. Partners shown: Bridgestone, Goodyear. No speaker call."
The Diversity Center of Northeast Ohio,P1,1,LeadDIVERSITY program / general inbox,LeadDIVERSITY Class of 2027 (9 sessions + graduation),A,https://diversitycenterneo.org/programs-training/lead-diversity/,2026 (applications open for 2027 class; page undated),not stated,info@diversitycenterneo.org,role_inbox,https://diversitycenterneo.org,2026-10-09,https://diversitycenterneo.org,Program is itself DEI-focused; may self-facilitate. Two named staff emails on program page not used. Session dates not on page.
Leadership Austin,P1,1,Programs / contact form,Difficult Talks: Foundation for Courageous Communication; Lead Across Differences,A,https://leadershipaustin.org,sessions 2026-11-16 and 2027-02-22; Courageous Leaders Lunch 2027-05-14,not stated,,form_only,https://leadershipaustin.org/about/contact/,2026-10-09,https://leadershipaustin.org,"No email printed anywhere opened; contact form only. Tier 1 rule says email required so DECISION NEEDED. engage@leadershipaustin.org is a New-to-Austin signup address, not used. Strongest thematic match found (courage, difficult conversations)."
Leadership Greater Madison,P1,1,Program Director,LGM33 cohort Sept 2026 - June 2027,B,https://madisonbiz.com/lgm/,cohort 2026-09 to 2027-06 (page undated),not stated,lwood@wcgpr.com,named_person,https://madisonbiz.com/lgm/,2026-10-09,https://madisonbiz.com/lgm/,"Only contact printed is the named Program Director. Domain wcgpr.com looks like an outside PR/communications firm (inference, not stated on page) so program may be run by an agency. Session themes not listed."
AIAMC (Alliance of Independent Academic Medical Centers),P2,1,Annual meeting staff contact,"2027 Annual Meeting, Tucson, Apr 8-10 2027, breakout call",A,https://aiamc.org/news/aiamc-2027-annual-meeting-call-for-poster-abstracts-and-breakout-session-proposals,call deadline 2026-09-15 (PASSED); decisions mid-Oct 2026,yes via open call (closed),kimberly@aiamc.org,named_person_first_name_only,https://aiamc.org/news/aiamc-2027-annual-meeting-call-for-poster-abstracts-and-breakout-session-proposals,2026-10-09,https://aiamc.org,"Deadline passed; use for relationship or next year. 75-min hands-on workshop format required; theme 'The Future of Leadership is Human'. Planner staff vs agency: not stated. Address printed in footer, role not stated."
Rotary Club of Ann Arbor,P5,2,Program Committee chair,Weekly speaker program,B,https://www.a2rotary.org/?p=2896,undated (copyright 2026),"yes, non-members eligible; bars candidates and any sales/fundraising pitch",program@a2rotary.org,role_inbox,https://www.a2rotary.org/?p=2896,2026-10-09,https://www.a2rotary.org,"Flag: required vendor-style process (speaker recommendation form, committee reviews monthly, scheduled 3-6 months out). Sales-pitch ban may catch a paid offer."
Rotary Club of Spokane (Club 21),P5,2,Rotary office (speaker requests),Thursday noon speaker program,A,https://www.rotaryspokane.com/,"speakers listed 2026-10-08, 10-15, 10-22",'Propose a Speaker' link on page (form not opened),Club21@rotaryspokane.com,role_inbox,https://www.rotaryspokane.com/,2026-10-09,https://www.rotaryspokane.com,"Club office address, org domain. Tied to proposal form; a named administrator is printed without email."
"Christ Lutheran Church (Duncannon, PA)",P5,2,Church office,2026 Black History Month Education Series (film + discussion),A,https://clcduncannon.org/2026-black-history-month-education-series/,2026-02-09 to 2026-03-09,not stated,christlutheranduncannon@gmail.com,role_inbox_free_domain,https://clcduncannon.org/2026-black-history-month-education-series/,2026-10-09,https://clcduncannon.org,Church's own contact address on its page. Same format as our offer (short film then talk). Closed-audience/no-fee term would fit.
Mount Pleasant Lutheran Church (WI),P5,2,Church office,"Black History Month movie nights, Mondays Feb 2026",A,https://www.spaceshipchurch.org/events/black-history-month-film-series,2026-02-02 onward,not stated,info@mplc.us,role_inbox,https://www.spaceshipchurch.org/events/black-history-month-film-series,2026-10-09,https://mplc.us,Listing is on a third-party church-platform page; mplc.us homepage not opened. Address is on the org's own domain.
Nyack Library (NY),P6,2,Librarian for Programs & Community Outreach,Present a Program (Programming Committee),B,https://nyacklibrary.org/get-involved/present-a-program,undated (copyright 2026),yes via application,programs@nyacklibrary.org,role_inbox,https://nyacklibrary.org/get-involved/present-a-program,2026-10-09,https://nyacklibrary.org,"Flag: required process (Program Presenter Application + Presenter Expectations & Procedures, not read). Form has fee/honorarium field. Schedules set months ahead."
Woodbridge Township Public Library (NJ),P6,2,Programming,Program proposal form,B,https://woodbridgelibrary.org/1207/Send-Us-a-Program-Proposal,undated,yes via online form,WPLProgramming@WoodbridgeLibrary.org,role_inbox,https://woodbridgelibrary.org/1207/Send-Us-a-Program-Proposal,2026-10-09,https://woodbridgelibrary.org,"Flag: required process (online form, 8-week lead time, library's own registration). Library pays presenters per form (budget exists). Programs 45-90 min."
Sherborn Library (MA),P6,2,General library inbox,Public Program Proposal,B,https://sherbornlibrary.org/news-events/proposing-programs/,undated (form filename dated 2024-04),yes via proposal form,sherborn@minlib.net,role_inbox,https://sherbornlibrary.org/news-events/proposing-programs/,2026-10-09,https://sherbornlibrary.org,"Flag: required process (emailed proposal form, subject 'Public Program Proposal'); will not reply to all. Page says all programs are free to public; fees not mentioned."
Library of the Chathams (NJ),P6,2,General library inbox,Program Proposals (Google Form),B,https://chathamlibrary.org/program-proposals,undated,yes via Google Form,librarian@chathamlibrary.org,role_inbox,https://chathamlibrary.org/program-proposals,2026-10-09,https://chathamlibrary.org,"Flag: required process (Google Form; planned 2+ months ahead). Fees not mentioned. Only address on page, roles unlabeled."
Ames Public Library (IA),P6,2,Programming (web form),"Black Lives, Black Stories racial justice film series (2020); program proposal form",B,https://amespubliclibrary.org/event/black-lives-black-stories-racial-justice-film-series,"2020-09-21 to 2020-12-07 (OLD, outside 18 months)","yes, 'We welcome proposals via our website' (www.amespubliclibrary.org/programproposal)",,form_only,https://amespubliclibrary.org/event/black-lives-black-stories-racial-justice-film-series,2026-10-09,https://amespubliclibrary.org,"Form URL printed on page, form itself not opened. Series is old; B because it runs film+discussion programs and invites proposals."
Medford Historical Society (NJ),P6,2,Society contact,"2026 Speaker Series (Apr, May, Oct, Nov)",A,https://www.medfordhistory.org/event-details/medford-historical-society-presents-2026-speaker-series-2026-11-05-19-00,2026-10-01 and 2026-11-05,not stated,medfordhistorynj@gmail.com,role_inbox_free_domain,https://www.medfordhistory.org/event-details/medford-historical-society-presents-2026-speaker-series-2026-11-05-19-00,2026-10-09,https://www.medfordhistory.org,"Org's own printed contact. 2026 series theme is local/US history for the 250th; Nov 5 is too close for a Fall slot, so later series or 2027."
"The Pump House Film Society (La Crosse, WI)",P6,2,General contact,"Film Society 2026-27 season, post-film discussion",A,https://www.thepumphouse.org/film-society/,2026-09-20 to 2027-05-16 (9 Sundays),not stated,contact@thepumphouse.org,role_inbox,https://www.thepumphouse.org/film-society/,2026-10-09,https://www.thepumphouse.org,"Ticketed series with meal; 'closed audience, no admission fee' term would not fit. Remaining titles TBA so a slot may exist."
Lower Macungie Township Historical Society (PA),P6,2,Society contact,"Fall 2026 events (TV broadcast screenings, open house)",B,https://www.lmthistory.org/calendar-of-events.html,"2026-10-18, 11-15, 12-20",not stated,info@lmthistory.org,role_inbox,https://www.lmthistory.org/calendar-of-events.html,2026-10-09,https://www.lmthistory.org,"Events are a cable broadcast and an open house, a weak film-discussion signal. Address decoded from an obfuscated link on the page."
"Noir Black Chamber of Commerce (Louisville, KY)",P7,2,General contact,"Noirbbc Clubs, youth ages 9-24",B,https://noirbcc.org,no dated event on page,not stated,info@noirbcc.org,role_inbox,https://noirbcc.org,2026-10-09,https://noirbcc.org,"Online youth leadership/entrepreneurship platform with middle-school, high-school and college chapters. Page invites project submissions (CDE) to the same address."
"Junior Achievement of the Heartland (Moline, IL)",P7,2,Contact form,Classroom programs; Taste of Achievement 2026-10-22,C,https://heartland.ja.org,2026-10-22 (fundraiser),volunteers only; JA curriculum is fixed (likely required process),,form_only,https://heartland.ja.org,2026-10-09,https://heartland.ja.org,"No email on page; contact form at /about/contact-us linked on page, not opened. Fits by type only."
Junior Achievement of Greater St. Louis,P7,2,Contact form,Classroom programs; Business Hall of Fame 2027-05-20,C,https://greaterstlouis.ja.org/,2027-05-20 (fundraiser),volunteers only; JA curriculum is fixed (likely required process),,form_only,https://greaterstlouis.ja.org/,2026-10-09,https://greaterstlouis.ja.org,"No email on page; contact form at /about/contact-us linked on page, not opened. Fits by type only."
