org_name,unit,state,public_private,homepage_url,homepage_opened,evidence_url,evidence_summary,contact_page_url,fit,fit_reason,flags,territory,source_file,also_in
North Carolina Central University,Department of History,NC,public,https://www.nccu.edu/,opened,https://www.nccu.edu/news/2025-black-history-month-events-nccu,"University news page, organized by the Department of History, lists a Feb 7, 2025 screening of the documentary ""Wilmington on Fire"" about the 1898 Wilmington massacre, alongside several lecture and panel events through the month.",(none seen),High,Opened evidence page is explicitly run by the Department of History and shows a dated 2025 documentary screening with discussion-style lecture events in the same series — strong match to the proposed format.,state_law: unsure,T1-hbcu,T1-hbcu.md,
Winston-Salem State University,University Student Activities and Engagement,NC,public,https://www.wssu.edu/,opened,https://www.wssu.edu/about/news/articles/2025/02/wssu-to-host-hip-hop-legend-pete-rock-for-black-history-month-event.html,"University news article (published Feb 7, 2025) describing a Feb 13, 2025 Black History Month keynote/panel event, ""The Miseducation of..."", organized by University Student Activities and Engagement, featuring a speaker address plus a panel of past program participants.",(none seen),High,"Opened evidence page is a dated 2025 university-run event combining a keynote talk with a panel discussion, the same speaker-plus-discussion structure as a screening and talkback.",state_law: unsure,T1-hbcu,T1-hbcu.md,
South Carolina State University,I.P. Stanback Museum and Planetarium,SC,public,https://www.scsu.edu/,opened,https://scsu.edu/news/2025_black_history_month_02_01_25.php,"University news release (Feb 1, 2025) listing the month's Black History Month schedule; the I.P. Stanback Museum hosted a Feb 12, 2025 screening of ""Selma"" and ran a Feb 13–Mar 31, 2025 exhibition with an artist talk, alongside History Program debates and commemorations.",(none seen),High,"Opened evidence page shows the campus museum running a dated 2025 film screening plus artist-talk programming, directly matching a screening-and-talkback format.",state_law: unsure,T1-hbcu,T1-hbcu.md,
Washington and Lee University,DeLaney Center,VA,private,https://www.wlu.edu/,opened,https://columns.wlu.edu/from-screen-to-square-film-screening-something-the-lord-made/,"University news page for a June 17, 2026 ""Screen to Square"" film series screening of ""Something the Lord Made"" (about Black surgical pioneer Vivien Thomas), closing a 2025-26 series themed ""Racial Adversity and Southern Resilience,"" run by the DeLaney Center, an interdisciplinary forum on race and Southern identity.",(none seen),High,"Opened evidence page shows a recent (2026), unit-run film screening about a Black inventor/innovator figure in a series explicitly about race history, a close thematic and format match for the proposed screening and talkback.",,T2-midatlantic-southeast,T2-midatlantic-southeast.md,
Elon University,"Center for Race, Ethnicity, and Diversity Education (CREDE)",NC,private,https://www.elon.edu/,opened,https://www.elon.edu/u/news/2025/01/24/black-history-month-celebration-to-spotlight-influence-innovation-and-legacy/,"University news article (Jan 24, 2025) describing Elon's Feb 2025 Black History Month programming, including a Feb 26, 2025 screening of ""Shift: Everybody's Work"" (on racism in nursing/healthcare) followed by a panel discussion, coordinated by CREDE.",(none seen),High,"Opened evidence page shows a dated (Feb 2025), unit-run film screening plus panel discussion run by a dedicated diversity-education center, matching the proposed screening-and-talkback format.",,T2-midatlantic-southeast,T2-midatlantic-southeast.md,
Mercer University,Africana Studies Program (Africa Film Series),GA,private,https://www.mercer.edu/,opened,https://www.mercercluster.com/article/2025/09/how-can-you-change-a-world-you-dont-know-dr-chinekwu-obidoa-spearheads-monthly-africa-film-screenings,"Student newspaper article (Sept 21, 2025) confirming Dr. Chinekwu Obidoa of the Africana Studies program runs an ongoing monthly ""Africa Film Series"" at Mercer, with a screening planned for the following month, held in Stetson Hall.",(none seen),High,"Opened evidence page is recent (Sept 2025) and confirms an active, recurring, Africana Studies-run film screening series with a clear faculty lead and bookable academic unit.",,T2-midatlantic-southeast,T2-midatlantic-southeast.md,
Roanoke College,Office of Multicultural Affairs,VA,private,https://www.roanoke.edu/,opened,https://www.roanoke.edu/news/black_history_month_2025,"College news page describing Feb 2025 Black History Month programming, including a Feb 24, 2025 screening of ""The Last Black Man in San Francisco"" at the Grandin Theatre and a Feb 13, 2025 lecture on a Virginia desegregation lawsuit; a related college page confirms the Office of Multicultural Affairs runs the month-long celebration with student organizations.",(none seen),High,"Opened evidence page shows dated (Feb 2025), real film-screening and lecture programming tied to Black history, run in partnership with a specific campus office well suited to booking a screening and talkback.",,T2-midatlantic-southeast,T2-midatlantic-southeast.md,
University of Richmond,Student Center for Equity and Inclusion,VA,private,https://www.richmond.edu/,opened,https://inclusion.richmond.edu/build-community/black/black-history-month.html,"The Student Center for Equity and Inclusion's own Black History Month page references a ""2026 BHM Event Calendar"" and describes ongoing mission-aligned programming to help the campus community learn African American history, though specific individual event pages did not load for this check.",(none seen),Medium,"A real, currently active campus office with a clearly matching mission and its own dated (2026) Black History Month programming page was opened, but a specific dated event page could not be opened to confirm a single event, so this is Medium rather than High.",,T2-midatlantic-southeast,T2-midatlantic-southeast.md,
Furman University,Center for Inclusive Communities,SC,private,https://www.furman.edu/,opened,https://www.furman.edu/news/black-history-month-at-furman-features-events-for-students-faculty-and-staff/,"University news article (published Feb 3, 2025) listing Furman's Feb 2025 Black History Month events (a mental-health discussion, a NAACP banquet, a Black Politics discussion, and a concert), organized collectively by various student groups and offices including the Center for Inclusive Communities.",(none seen),Medium,"Opened evidence page shows real, dated (Feb 2025) Black History Month programming, but it is coordinated across multiple groups rather than one clear bookable unit and does not include a film screening, so Medium rather than High.",,T2-midatlantic-southeast,T2-midatlantic-southeast.md,
Hendrix College,Steel Center for the Study of Religion and Philosophy,AR,private,https://www.hendrix.edu/ (redirects to https://via.hendrix.edu/),opened,https://www.hendrix.edu/steelcenter/specialevents/,"Steel Center event page describing an ""Own Your Power, Rustin Film Screening"" held Monday, Feb 19, 2024, in the Hundley Shell Theater, plus a related Feb 28 ""Afternoon Discussion"" on the film led by a Religious Studies professor.",(contact link present on page; not recorded per rules),Medium,"Opened evidence page shows a real, unit-run film screening plus discussion closely matching the proposed format, but the dated event (Feb 2024) falls just outside the strict 18-month window, so Medium rather than High.",,T2-midatlantic-southeast,T2-midatlantic-southeast.md,
Oberlin College,Multicultural Resource Commons / Africana Studies (Black History Month series),OH,private,https://www.oberlin.edu,yes,https://www.oberlin.edu/events/series/black-history-month,"2026 Black History Month series page (theme ""Sankofa: Reimagining Our Past, Redefining Our Future"") lists a Feb 18, 2026 film screening of the documentary ""The Foreigner's Home"" plus a full month of talks, panels, and a March 12, 2026 film screening on Black history in Renaissance Europe.",https://www.oberlin.edu/mrc,High,"Opened 2026 series page shows an active, dated, and directly on-topic film-screening program (history documentary + panel format), run by a campus unit that already books outside speakers/films.",none,T2-midwest,T2-midwest.md,
Macalester College,American Studies (Mahmoud El-Kati Distinguished Lectureship),MN,private,https://www.macalester.edu,yes,https://www.macalester.edu/equity/black-history-month/,"Macalester's Black History Month 2026 page lists the ""Mahmoud El-Kati Distinguished Lectureship in American Studies"" event on Friday, Feb. 6, 2026, featuring historian Dr. Gerald Horne, plus a Feb. 10, 2026 documentary screening (""Counted Out"") and a Feb. 17 community luncheon.",https://www.macalester.edu/american-studies/facultystaff/,High,"Opened page shows a current-cycle (2026), dated lecture series run by the American Studies department specifically, with an existing format (distinguished outside speaker) that fits a screening+talkback booking.",none,T2-midwest,T2-midwest.md,
Hope College,Center for Diversity and Inclusion,MI,private,https://hope.edu,yes,https://hope.edu/news/2026/campus-life/hope-hosts-2026-black-history-month-lecture-on-feb-24.html,"Hope's own news page confirms a Feb. 24, 2026 Black History Month lecture (""We All We Got"") held in a campus recital hall with a live Q&A panel discussion following, open and free to the public, run by the Center for Diversity and Inclusion with the Black Student Union and other campus partners.",https://hope.edu/offices/center-diversity-inclusion/,High,"Opened, dated (2026), on-topic event with the exact format requested (public talk plus live Q&A/panel), run by a unit that already organizes this kind of programming.",none,T2-midwest,T2-midwest.md,
Wabash College,Malcolm X Institute of Black Studies (MXIBS),IN,private,https://www.wabash.edu,yes,https://www.wabash.edu/calendar/monthview.cfm?vMonth=2&vYear=2026&interest_id=0,"Wabash's own February 2026 events calendar lists ""The Voices of Black Art Showcase and Open House"" (Feb. 5, 2026) and ""Celebration of Black History Month"" (Feb. 26, 2026), both tied to the Malcolm X Institute of Black Studies, which has run Black History Month programming (lectures, showcases, lunch talks) every February for decades.",https://www.wabash.edu/mxibs/,High,"Opened calendar confirms dated, current (Feb 2026) Black History Month programming at a unit (MXIBS) whose entire mission is Black history/culture program delivery — a strong match for a screening plus talkback.",none,T2-midwest,T2-midwest.md,
Butler University,The Hub for Black Affairs and Community Engagement,IN,private,https://www.butler.edu,yes,https://thebutlercollegian.com/2026/02/black-history-month-on-campus-2/,"Student-newspaper coverage (confirmed by the college's own Hub pages existing and operating) describes The Hub's 2026 Black History Month programming, including a Feb. 12, 2026 guest lecture by sociologist Elijah Anderson (with Phi Beta Kappa) and a Feb. 3, 2026 ""Black Women's History of Butler University"" event with University Libraries.",https://www.butler.edu/diversity-equity-inclusion/black-affairs-hub/,Medium,"Evidence of dated (2026), on-topic programming exists and the Hub's mission (Black intellectual space/community building) fits well, but the primary evidence page opened was student-newspaper reporting rather than the Hub's own event page, so marking Medium rather than High.",none,T2-midwest,T2-midwest.md,
Kalamazoo College,Arcus Center for Social Justice Leadership,MI,private,https://www.kzoo.edu,yes,https://www.kzoo.edu/news/black-history-month-2026/,"College's own news page confirms a full February 2026 Black History Month series (Feb. 5, 7, 19, 23, 26) run by the Arcus Center for Social Justice Leadership, mixing author talks, music, and workshops; events are free and open to the public.",https://arcuscenter.kzoo.edu/,High,"Opened, dated (Feb 2026), on-topic series run by a campus center whose explicit mission is public social-justice programming — a good fit for booking a screening and talkback.",none,T2-midwest,T2-midwest.md,
Saint Louis University,Cross Cultural Center for Global Citizenship,MO,private,https://www.slu.edu,yes,https://www.slu.edu/news/announcements/2026/january/nominations-black-history-gala.php,"SLU's own announcement confirms the 4th Annual Black History Month Celebration and Awards Ceremony, March 5, 2026, 6-8 p.m., hosted by the Cross Cultural Center for Global Citizenship, recognizing Black faculty, staff, students and leaders.",https://www.slu.edu/cross-cultural-center-for-global-citizenship/contact-cross-cultural-center.php,Medium,"Opened, dated (2026) evidence confirms an active, mission-aligned unit running Black History Month programming, but the specific event found is an awards ceremony rather than a film/speaker format, so the direct programming match is somewhat weaker — Medium fit.",none,T2-midwest,T2-midwest.md,
Trinity College,Office of Multicultural Affairs / Multicultural Affairs Council,CT,private,https://www.trincoll.edu/,opened,https://www.trincoll.edu/news/trinity-community-celebrates-black-history-month-with-film-screening-and-panel/,"News article (dated Feb 2025) describing a Feb 23, 2025 free, public film screening of ""Exhibiting Forgiveness"" (2024) at the campus Cinestudio theater, followed by a panel discussion on art, healing, and resilience in Black communities.",(none seen),High,"Opened evidence page shows a dated (Feb 2025), unit-run film screening plus panel discussion, an exact match to the proposed screening-and-talkback format.",,T2-northeast,T2-northeast.md,
Vassar College,Africana Studies Program,NY,private,https://www.vassar.edu/,opened,https://www.vassar.edu/news/events/fred-kudjo-kuwornus-documentary-we-were-here-untold-history-black-africans-renaissance,"Vassar event page (dated March 31, 2026) for a screening and discussion of Fred Kudjo Kuwornu's documentary ""We Were Here,"" on the history of Black Africans in Renaissance Europe, co-sponsored by Africana Studies and several academic departments.",(none seen),High,"Opened evidence page shows a dated, recent, Africana Studies-sponsored documentary screening — a direct match to the requested format and a clear bookable unit.",,T2-northeast,T2-northeast.md,
Bucknell University,Griot Institute for the Study of Black Lives & Cultures,PA,private,https://www.bucknell.edu/,opened,https://griotintern.blogs.bucknell.edu/intern-blog/campus-events/,"The Griot Institute's own events blog lists a recurring slate of dated Black history/culture programming through 2025-2026, including a ""We Were Here"" documentary screening and Q&A with filmmaker Fred Kuwornu and a Fall 2025 guest lecture on Blacks in Appalachian coal towns.",(none seen),High,"Opened page is the sponsoring unit's own events listing, showing multiple dated (2025-2026) film and speaker events matching the proposed format, run by a dedicated Black studies research institute.",,T2-northeast,T2-northeast.md,
Fairfield University,Humanities Institute (with Environmental Studies Program and Center for Social Impact),CT,private,https://www.fairfield.edu/,opened,https://www.fairfield.edu/news/press-releases/2025/february/farming-while-black-documentary-screening-and-panel-disussion.html,"University press release (Feb 2025) for a March 18, 2025 free documentary screening of ""Farming While Black,"" about the history of Black farmers in the U.S., followed by a panel discussion with the filmmaker and a Soul Fire Farm staff member.",https://events.fairfield.edu/event/farming-while-black-documentary-screening-and-discussion (event/registration page),High,"Opened evidence page shows a dated 2025 documentary screening plus panel, run by an academic institute, directly matching the proposed screening-and-talkback format.",,T2-northeast,T2-northeast.md,
Skidmore College,Black Studies Program,NY,private,https://www.skidmore.edu/,opened,https://www.skidmore.edu/black-studies/resources/events.php,"The Black Studies Program's own events page lists dated programming including a Fall 2025 ""Freedom Now! The Civil Rights Movement of the '60s"" event co-sponsored by Black Studies and a Feb 25, 2026 teach-in/speak-out event.",(none seen; program phone/office listed but no separate contact page link seen),High,"Opened page is the sponsoring academic unit's own events listing with recent (2025-2026), dated, relevant public programming and a clear bookable department.",,T2-northeast,T2-northeast.md,
Dickinson College,Center for Civic Learning & Action (CCLA),PA,private,https://www.dickinson.edu/,opened,https://www.dickinson.edu/events/event/28683/community_film_screening_who_we_are_a_chronicle_of_racism_in_america,"Event page for an April 14, 2025 community screening of the documentary ""Who We Are: A Chronicle of Racism in America,"" paired with a discussion led by co-facilitators from a neighboring university, organized by the Center for Civic Learning & Action.",(none seen),High,"Opened evidence page shows a dated 2025 documentary screening plus facilitated discussion, an exact match to the proposed format, run by a civic-engagement unit well suited to booking such a session.",,T2-northeast,T2-northeast.md,
Providence College,Department of Black Studies,RI,private,https://www.providence.edu/,opened,https://black-studies.providence.edu/events/,"The Black Studies Department's own events page shows a gallery of recurring dated programming across 2023-2026, including a ""LYD documentary screening"" and other film/speaker events, though specific dates for each poster are not shown on the page.",(none seen),Medium,"A real academic department with a clearly matching mission was confirmed via its own events page showing recent film and speaker programming, but individual event dates were not legible on the page, so this is Medium rather than High.",,T2-northeast,T2-northeast.md,
Stanford University,Department of African and African American Studies / Stanford Black Studies Collective (co-presenter via Dept. of Art & Art History),CA,private,https://www.stanford.edu,yes,https://art.stanford.edu/events/some-us-are-brave-black-womens-film-festival,"April 10–11, 2026 event page for ""But Some of Us Are Brave: A Black Women's Film Festival,"" a two-day festival of film screenings and filmmaker conversations co-presented by the Stanford Black Studies Collective and the Department of African and African American Studies, free and open to the public.",—,High,"Opened evidence page is recent (within 18 months), shows film programming plus a filmmaker talkback format directly analogous to the proposed screening/talkback, and names a clear bookable unit (Black Studies Collective / AAAS dept). No honoraria/budget mentioned.",—,T2-west-southwest,T2-west-southwest.md,
Rice University,"Center for African and African American Studies (CAAAS), co-sponsoring with History and Art History departments",TX,private,https://www.rice.edu,yes,https://aie.rice.edu/bhm/2026,"Rice's Black History Month 2026 page describing a February 20, 2026 screening of the documentary ""We Were Here"" at Moody Theater, organized with the Center for African and African American Studies, History, and Art History departments, including a director Q&A and reception.",—,High,"Opened evidence page is within the 18-month window, shows a film screening plus director Q&A (talkback format) organized with CAAAS, a clear bookable unit. No honoraria mentioned.",—,T2-west-southwest,T2-west-southwest.md,
University of Puget Sound,African American Studies Program,WA,private,https://www.pugetsound.edu,yes,https://www.pugetsound.edu/stories/celebrating-100-years-black-history-month,"Page describing Puget Sound's 2026 Black History Month centennial programming organized by African American Studies, including a February 19, 2026 conversation on the Black athlete experience and a February 25, 2026 keynote by Dr. Joy DeGruy on Post Traumatic Slave Syndrome.",—,High,"Opened evidence page is within the 18-month window and shows recent speaker/public programming organized by a clear bookable academic unit (African American Studies). No film screening specifically, but speaker programming is explicitly allowed as evidence. No honoraria mentioned.",—,T2-west-southwest,T2-west-southwest.md,
University of the Pacific,McGeorge School of Law Office of Diversity and Belonging (also Multicultural Office programming broadly),CA,private,https://www.pacific.edu,yes,https://www.pacific.edu/blackhistory,"Black History Month 2026 events page listing a February 27, 2026 film screening of a documentary about civil rights attorney John Burris followed by a Q&A with him, organized by the McGeorge School of Law.",—,High,Opened evidence page is within the 18-month window and shows a film screening plus Q&A (talkback format) run by an identifiable unit. No honoraria mentioned explicitly; a sponsor (Abbott Fund) is named for an unrelated health-fair event only.,—,T2-west-southwest,T2-west-southwest.md,
Pepperdine University,African American Studies Program (Seaver College),CA,private,https://www.pepperdine.edu,yes,https://community.pepperdine.edu/university/posts/attend-the-rhythm-and-sound-of-resilience-mtp-block-party-2026.htm,"Announcement for ""The Rhythm of Resilience,"" a February 25, 2026 Black History Month block party celebrating Black musical heritage, sponsored by the Multicultural Theatre Project, the African American Studies Program, the Humanities & Teacher Education Division, and the Office for Community Belonging.",—,High,"Opened evidence page is within the 18-month window and shows recent Black History Month public programming with a clear bookable academic unit (African American Studies Program) among the sponsors. Not a film event specifically, but qualifies as ""related public programming."" No honoraria mentioned.",—,T2-west-southwest,T2-west-southwest.md,
African American Firefighter Museum,Public Programs / Events,CA,private (501c3 nonprofit museum),https://www.aaffmuseum.org/,opened,https://www.aaffmuseum.org/tag/black-history-month/,"Museum blog page lists Feb 4, 2025 partnership presentations (""Courage Under Fire: The History of Los Angeles' Black Firefighters"" at LA Central Library and ""Blazing Trails: Celebrating the Legacy of African American Firefighters"" at Azusa City Library) delivered by museum leadership.",https://www.aaffmuseum.org/plan-your-visit/,Medium,"Evidence page shows relevant Black firefighter history public programming, but dated Feb 4, 2025, which falls just outside the strict 18-month window from Oct 2026 (cutoff ~Apr 2025); mission and programming format (museum staff giving public talks) are a strong match otherwise. Museum building is noted as ""currently closed during fire restoration"" per its own site, which should be confirmed before outreach.",,T3-fire-service,T3-fire-service.md,
African American Fire Fighters Historical Society,Exhibits / Programs (hosted at The Peale museum),MD,private (nonprofit historical society),https://aaffhs.org/,opened,https://thepeale.org/exhibition-igniting-integration/,"Exhibition page (The Peale museum, Baltimore) for ""Igniting Integration,"" Sept 14–Dec 1, 2024, describing the 1942 integration of the Baltimore City Fire Department by 15 volunteer firefighters, developed with AAFFHS involvement.",(none seen),Medium,"Real, active nonprofit (also developing the ""International Black Fire Fighters Museum"" and holding an annual Salute Dinner in June 2026 per its own site) with a mission squarely on point, but the dated exhibition evidence (ended Dec 2024) is older than the 18-month window.",,T3-fire-service,T3-fire-service.md,
"Northern Nevada African American Firefighter Museum (Our Story, Inc.)",Museum Programs,NV,private (nonprofit),https://www.nnaafm.org/,opened,https://www.nnaafm.org/,"Homepage states the museum is open Saturdays 11am-2pm ""through October 2026"" and hosts tours by appointment and community partnerships (Washoe County Chautauqua Program, Reno Fire Explorer Program) highlighting Black Springs Volunteer Fire Department history.",(none seen),Medium,"No single dated event/program page found beyond the current operating-hours notice on the homepage itself; mission (preserving Black fire-service history, running public tours/programs) clearly fits the screening-and-talkback format.",,T3-fire-service,T3-fire-service.md,
Central Ohio Fire Museum & Learning Center,Education Department,OH,private (501c3 nonprofit museum),https://www.centralohiofiremuseum.com/,opened,https://www.centralohiofiremuseum.com/,"Homepage describes a permanent display ""honoring the early history of African American firefighters in Columbus"" plus group tours and educational programs; no separately dated event page was found.",(contact via homepage; education page referenced on site),Medium,"Clear mission fit (dedicated African American firefighter history exhibit, active education programming) but no dated evidence page distinct from the homepage description was located.",,T3-fire-service,T3-fire-service.md,
Fire Museum of Memphis,Exhibits (African American Firefighters exhibit),TN,private (nonprofit museum),https://firemuseum.com/,opened,https://firemuseum.com/exhibits/,"Current exhibits page lists a permanent ""African American Firefighters"" exhibit (opened Dec 1, 2021) chronicling the first 12 Black Memphis firefighters from 1955 onward; no recent dated program/event beyond the permanent exhibit listing was found.",(none seen),Medium,"Mission and content fit are strong (dedicated permanent exhibit on Black firefighter history), but the only dated evidence (exhibit opening, Dec 2021) is well outside the 18-month window and no newer event was found.",,T3-fire-service,T3-fire-service.md,
Fireman's Hall Museum,Programs / Exhibits,PA,private (nonprofit museum),https://www.firemanshallmuseum.org/,not opened: 403 Forbidden,https://www.firemanshallmuseum.org/black-history-of-the-pfd/,"not opened: 403 Forbidden — search results describe a dedicated ""Black History of the PFD"" page covering Philadelphia's first Black firefighters (Isaac Jacobs, 1886; Stephen Presco, 1891) but could not be confirmed by direct page load.",,Medium,"Search results and multiple third-party sources (Visit Philly, Metro Philadelphia) consistently describe this as an operating museum with dedicated Black firefighter history content, so kept despite the load failure.",unconfirmed,T3-fire-service,T3-fire-service.md,
Vulcan Pioneers of New Jersey,Events / Scholarship Programs,NJ,"private (nonprofit, Newark-based)",https://vulcanpioneersnj.org/,opened,https://vulcanpioneersnj.org/events/,"Events calendar shows an active, dated ""Scholarship Gala"" on Oct 10, 2026, confirming the organization is currently operating public-facing events; no Black-history/speaker-specific program page was found.","https://vulcanpioneersnj.org/ (""Let's Connect"" contact form)",Medium,"Founding IABPFF-affiliate organization with a clear mission fit and confirmed active, dated 2026 programming, but the dated evidence found is a scholarship gala rather than history/speaker programming specifically.",,T3-fire-service,T3-fire-service.md,
San Francisco Black Firefighters Association,Youth Academy / Community Programs,CA,"private (nonprofit, SFFD-affiliated association)",https://www.sfbfa.org/,opened,https://www.sfbfa.org/about,"About page confirms the association's mission to support Black fire service professionals and references an active Youth Academy and a ""2026 SFBFA Gala,"" but no dated Black-history or speaker-series page was found on the site itself.",https://www.sfbfa.org/about,Medium,"Long-running (founded 1972), clearly mission-aligned chapter of IABPFF with active current programming (Youth Academy, 2026 Gala), but no qualifying dated history/education evidence page was located.",,T3-fire-service,T3-fire-service.md,
"Museum of Science, Boston",Public Programs / Events (Gordon Current Science & Technology Center),MA,private nonprofit,https://www.mos.org/,yes,https://www.mos.org/events/black-history-month-celebration-2025,"Daylong Feb 1, 2025 Black History Month Celebration with ""Meet a Scientist"" sessions on the Science & Technology Center stage, a film screening (ReRooted), cultural performances, and community groups; a 2026 edition is also live on the site.",https://www.mos.org/contact-us,High,"Recent (2025/2026), recurring annual event combining film screening with STEM speakers and community groups — close structural match to a screening+talkback; no honoraria/budget info stated.",none,T4-science-invention,T4-science-invention.md,
Griffin Museum of Science and Industry (Chicago),Black Creativity program team,IL,private nonprofit,https://www.griffinmsi.org/,yes,https://www.griffinmsi.org/black-creativity,"Describes the museum's long-running ""Black Creativity"" initiative: juried African American art exhibition, Jr. Science Cafés (Feb, school groups), a public Black Creativity Career Showcase/Family Day, and evening Gala/Night Out events, run annually in February (and March).",https://www.griffinmsi.org/contact-us,High,"Large, well-established annual STEM-and-Black-innovation program with multiple public-facing event formats already in place; a screening+talkback would fit naturally into the Career Showcase or Family Day slot.",none,T4-science-invention,T4-science-invention.md,
KID Museum (Bethesda),Celebrations / Public Programs,MD,private nonprofit,https://kid-museum.org/,yes,https://kid-museum.org/celebrations/bhm-26-2/,"Jan 19–Feb 25, 2026 ""Black History Month"" program of weekly Sunday hands-on workshops honoring Black innovators (wearable tech, sound engineering, woodworking, cosmetic chemistry) with named community makers/scientists.",contact via info@kid-museum.org link on page (not a named staff page),High,"Directly themed around Black innovators/invention with hands-on STEM programming on a weekly cadence during BHM; explicitly discusses access/reduced-cost programs, no mention of paid speaker fees.",none,T4-science-invention,T4-science-invention.md,
Please Touch Museum (Philadelphia),Learn / Black History Month programming,PA,private nonprofit,https://www.pleasetouchmuseum.org/,yes,https://www.cbsnews.com/philadelphia/news/please-touch-museum-black-history-month/,"News coverage (updated Feb 7, 2026) of the museum's daylong Black History Month celebration: African American authors/artists/educators leading interactive programming, hands-on science activities (human circuit electricity lesson), and a STEM-themed mural project.",https://www.pleasetouchmuseum.org/learn/black-history-month/ (link seen on site; page itself would not render for this session),High,"Current-year (2026), STEM-and-representation-focused BHM celebration with named outside STEM educators brought in to lead programming — a plausible template for adding a screening+talkback.",none,T4-science-invention,T4-science-invention.md,
National Inventors Hall of Fame / Invent.org,Museum & Exhibits (Innovation Display),VA,private nonprofit,https://www.invent.org/,yes,https://www.invent.org/blog/innovation-display/black-history-month-exhibit,"Feb 9, 2024 blog post describing a new NIHF Museum exhibit (located at USPTO HQ) honoring six Black inductees in telecommunications invention (Granville Woods, W. Lincoln Hawkins, James West, Victor Lawrence, Mark Dean, Marian Croak); no 2025/2026 update found despite searching.",https://www.invent.org/about-us/contact-us,Medium,"Directly on-theme (inventor history, ""who gets credit for innovation"") and a plausible booking unit exists (museum/education programs), but the only dated evidence page found (Feb 2024) is older than the 18-month window, so fit is capped at Medium per rule.",none,T4-science-invention,T4-science-invention.md,
The Franklin Institute (Philadelphia),Events / Public Programs,PA,private nonprofit,https://fi.edu/,yes,https://fi.edu/en/events-calendar/black-history-month-day-celebration,"Describes the Feb 3, 2024 ""Black History Month Day of Celebration"": planetarium show, live STEM demonstrations on African American scientists/inventors, and maker-space activities; page states ""this event has concluded for 2024"" with no later-year update found.",guestservices@fi.edu (listed on page; not a staff bio),Medium,"Strong structural match (STEM demonstrations on Black inventors, recurring annual format) but the only dated evidence found is from Feb 2024, older than the 18-month window, so fit is capped at Medium per rule.",none,T4-science-invention,T4-science-invention.md,
University of Maryland Black Alumni (UMBA) Network,UMD Alumni Association,MD,public,https://alumni.umd.edu/events/marquee/black-alumni-weekend,yes,https://alumni.umd.edu/events/marquee/black-alumni-weekend,"Biennial Black Alumni Weekend, April 10-12, 2026, with a ""Beyond the Game"" alumni panel (former athletes/coaches), musical performances, and a brunch — organized and run through the University of Maryland Alumni Association, not an independent nonprofit.",https://alumni.umd.edu/events/marquee/black-alumni-weekend (Samuel Riggs IV Alumni Center contact info on page),High,Run through/under UMD's own Alumni Association (not an independent nonprofit); public university. No honoraria/budget info stated. state_law: unsure.,,T5-alumni,T5-alumni.md,
Black Light Speaker Series (Loyola University Chicago),"Loyola Alumni Relations, Alumni Networks",IL,private,https://www.luc.edu/alumni/communitiesinterests/alumninetworks/blacklightspeakerseriesresources/,yes,https://www.luc.edu/alumni/communitiesinterests/alumninetworks/blacklightspeakerseriesresources/,"Ongoing speaker series showcasing Black Loyola alumni; most recent listed session September 2026 (""A Conversation with Alumni Author Rochelle Johnson""), prior sessions May 2025 and Feb 2025. Run by Loyola's own Alumni Relations office, not an independent nonprofit.",https://www.luc.edu/about/contactus.shtml,High,"Run under the university's alumni office (Communities & Interests/Alumni Networks division), not independent. Private university; no state-law issue applies. No honoraria/budget info stated.",,T5-alumni,T5-alumni.md,
Georgetown Black Alumni Council / Black Alumni Summit,"Georgetown University Advancement, Black Alumni Council",DC,private,https://bas.georgetown.edu/,yes,https://bas.georgetown.edu/,"Biennial Black Alumni Summit, Oct 29-Nov 1 2026 at the Conrad, D.C., with keynote speakers and panels; organized under Georgetown's advancement division and the Black Alumni Council (not an independent nonprofit).",none seen,High,"Run through/under the university's alumni/advancement office, not an independent nonprofit. Private university.",,T5-alumni,T5-alumni.md,
Winthrop University Black Alumni Council,Winthrop Alumni Association,SC,public,https://www.winthrop.edu/news-events/2026-winthrop-black-history-month-events.aspx,yes,https://www.winthrop.edu/news-events/2026-winthrop-black-history-month-events.aspx,"""Winthrop Black History Trivia,"" Feb 18, 2026, presented jointly by the Winthrop Alumni Association and the Black Alumni Council, testing knowledge of the university's African American heritage.",none seen,High,"Council operates jointly with/under the university's own Alumni Association, not a separate independent nonprofit. Public university. state_law: unsure.",,T5-alumni,T5-alumni.md,
Mississippi State University Black Alumni Weekend,MSU Alumni Association,MS,public,https://www.alumni.msstate.edu/black-alumni-weekend-2026,yes,https://www.alumni.msstate.edu/black-alumni-weekend-2026,"Black Alumni Weekend, Feb 12-15 2026, ""Celebrating Sixty Years of Black History at MSU,"" including a history/anniversary program and gospel brunch; run by the MSU Alumni Association, not an independent nonprofit.",none seen,High,Programming is run through/under the university's own Alumni Association. Public university. state_law: unsure.,,T5-alumni,T5-alumni.md,
Cal State LA Black Alumni Network,Cal State LA Alumni Association,CA,public,https://www.calstatela.edu/alumni/black-alumni-network,yes,https://www.calstatela.edu/alumni/black-alumni-network-mixer-2026-0,"Black Alumni Network Mixer, Feb 26 2026, marking the centennial of Black History Month's formal recognition, with reflection/connection programming open to alumni, students, faculty, and staff.",none seen,High,"Network explicitly ""operates under the Cal State LA Alumni Association,"" not an independent entity. Public university. state_law: unsure.",,T5-alumni,T5-alumni.md,
Penn State Black Alumni Reunion,Penn State Alumni Association,PA,public,https://alumni.psu.edu/upcoming-events/bar/,yes,https://alumni.psu.edu/2026/08/03/black-alumni-reunion-2026/,"Black Alumni Reunion, Oct 2-4 2026, ""Welcome Home: It's a Family Affair,"" including panels on Black Penn State history, an archives open house, and a Legacy and Leadership Awards Brunch; run by the Penn State Alumni Association, not an independent nonprofit.",https://alumni.psu.edu/upcoming-events/bar/ (Hintz Family Alumni Center contact on page),High,Organized through/under the university's own Alumni Association. Public university. state_law: unsure.,,T5-alumni,T5-alumni.md,
WashU Black Alumni Weekend,"WashU Alumni Networks, University Advancement",MO,private,https://alumni.washu.edu/reunite/black-alumni-weekend/,yes,https://alumni.washu.edu/reunite/black-alumni-weekend/,"Second Black Alumni Weekend, Oct 9-11 2026, with panel discussions featuring university leaders, campus tours, and community events; run by Alumni Networks within University Advancement, not an independent nonprofit.",none seen,High,Run through/under the university's own alumni/advancement office. Private university.,,T5-alumni,T5-alumni.md,
Harvard Kennedy School Black Alumni Association (HKS BAA),Independent affiliated alumni organization,MA,private nonprofit (affiliated; page states a federal 501(c)(3) application was filed),https://hksbaa.org/,yes,https://hksbaa.org/events,"""State of Leadership"" virtual event, May 19 2026, a conversation between journalist Juan Williams and Professor Randall Kennedy on civil-rights history and leadership; also a March 25 2026 Women's History Month technology/economic-influence panel. Organization operates with its own executive board and has applied for independent 501(c)(3) status, distinct from HKS's own alumni relations office.",none seen,High,"This is an independently organized affiliated nonprofit (board-run, pursuing its own 501(c)(3) status), not simply a function of Harvard's alumni office, though it collaborates with HKS. Private university; no state-law rule applies.",,T5-alumni,T5-alumni.md,
Stanford National Black Alumni Association (SNBAA),Independent nonprofit alumni association,CA,private nonprofit,https://www.stanfordblackalumni.org,yes,https://www.stanfordblackalumni.org/events,"Events page currently shows ""No events at the moment""; organization's biennial flagship Black Alumni Summit (40th anniversary in 2026) and other named programs (Beyond the Farm, Stanford Sierra Camp) are referenced but no specific dated 2025-2026 page with full program details was found.",contact link present in site navigation (not opened),Medium,"Operates as its own long-standing alumni association (40 years old) separate from Stanford's central alumni office, i.e., appears to function as an independent affiliated organization rather than a university department, though no page explicitly states 501(c)(3) status. Kept on mission fit per rule since no current dated evidence page was found; private university.",,T5-alumni,T5-alumni.md,
Rutgers African-American Alumni Alliance,Independent alumni alliance (with Rutgers University Foundation support),NJ,public,https://rutgersfoundation.org/news/black-alumni-collective-conference-rutgers-groundbreaking-event,yes,https://rutgersfoundation.org/news/black-alumni-collective-conference-rutgers-groundbreaking-event,"Hosted the Black Alumni Collective's national conference at Rutgers, May 30-June 2 2024 (over 300 attendees from 40+ universities), with sessions led by Rutgers President Jonathan Holloway and programming honoring alumnus Paul Robeson. Evidence page is more than 18 months old.","none seen (news item, not an org contact page)",Medium,"Evidence found is older than the 18-month window, so kept only on clear mission fit per rule 2; the Alliance is described as working alongside (not purely inside) the Rutgers University Foundation, suggesting it functions as its own affiliated alumni group rather than simply a function of the central alumni office, though this is not stated explicitly. Public university. state_law: unsure.","aged_evidence (evidence page is from 2024, outside 18-month window)",T5-alumni,T5-alumni.md,
UCLA Institute for Research on Labor and Employment (IRLE),"Department of Labor Studies - ""Labor Studies Now"" speaker series",CA,public; state_law: unsure,https://irle.ucla.edu/,opened,https://irle.ucla.edu/2025/10/22/labor-studies-now-speaker-series/,"Announcement (opened) for the 2025-2026 ""Labor Studies Now"" series of public book talks, film screenings, and research workshops bringing together UCLA faculty, students, and community members to discuss labor-movement issues; several dated 2025-2026 sessions listed.",https://irle.ucla.edu/contact,High,"Recurring, explicitly public colloquium series with a clear unit (Labor Studies Dept/IRLE) that books speakers and screenings; format (talk + film + public audience) matches the requested screening+talkback. No honoraria mentioned.",,T6-labor,T6-labor.md,
Cornell University,"ILR School - Worker Institute (""Union Days"" series)",NY,public (NY statutory/contract college within Cornell); state_law: unsure,https://www.ilr.cornell.edu/worker-institute,opened,https://news.cornell.edu/stories/2026/04/book-talk-film-screening-keynote-highlight-union-days,"Cornell news article (opened) describing the Worker Institute's April 2026 ""Union Days"" series - a book talk, documentary film screening, keynote, and panel on labor unions, immigration, and racial justice, including a talk tying Black Civil War history to labor law. All events free and open to the public.",none seen,High,"Active public-facing program (book talk + film + panel format) run by a named unit (Worker Institute) with recent, directly relevant programming; no honoraria mentioned.","state_law note: ILR is one of Cornell's statutory colleges partly funded by New York State, but no specific law affecting programming was found on pages opened",T6-labor,T6-labor.md,
"Rutgers, The State University of New Jersey",School of Management and Labor Relations (SMLR) - Labor Education Action Research Network (LEARN),NJ,public; state_law: unsure,https://smlr.rutgers.edu/,opened,https://smlr.rutgers.edu/smlr-celebrates-black-history-month-2024,"Page (opened) describes SMLR's 2024 Black History Month programming: a ""LEARN Lessons"" video series on Black labor historians/organizers (A. Philip Randolph, Seabrook Farms Strike, Paul Robeson), a Black Labor History display at the Labor Education Center, and a February 2024 alumni panel. No 2025/2026 version was linked from this page.",https://smlr.rutgers.edu/about-smlr/contact-us,Medium,"Clear, recurring institutional practice of Black-labor-history programming with a dedicated unit (Labor Education Center/LEARN), but the only dated evidence found (2024) is outside the 18-month window; mission fit is strong.",,T6-labor,T6-labor.md,
Pittsburgh A. Philip Randolph Institute (Pittsburgh APRI),Breaking the Chains pre-apprenticeship / civil rights-labor program,PA,"private (nonprofit, union/civil-rights affiliated)",https://www.pittsburghapri.org/,opened,https://www.pittsburghapri.org/events-list/the-power-of-partnerships-gala,"Events page (opened) shows ""The Power of Partnerships Gala"" on September 25, 2026 at the August Wilson African American Cultural Center - a fundraising/partnership event for the chapter's workforce-training and civil-rights mission; not itself a history or speaker program.",https://www.pittsburghapri.org/contact,Medium,"Real, active local APRI chapter combining civil-rights advocacy with a tuition-free trades pre-apprenticeship program (plausible venue/audience for a workplace-safety-history talkback), but the only dated evidence is a gala, not history/speaker programming.",,T6-labor,T6-labor.md,
The National A. Philip Randolph Pullman Porter Museum,Museum programs/education,IL,private (nonprofit museum),https://www.thepullmanportersmuseum.org/,opened,https://www.thepullmanportersmuseum.org/events,"Events page (opened) references an annual February Black History Month celebration ""to honor and celebrate the contributions of Black individuals throughout history,"" plus a February 20, 2026 ""Gentle Warrior Gala,"" but gives no specific dated program detail beyond that. Homepage notes the physical museum is temporarily closed for expansion, reopening 2027, with some programs continuing off-site.",none seen,Medium,"Mission is a direct match (Black labor/Pullman porter history), with a recurring annual BHM observance, but the evidence page lacks specific program detail and the physical site is closed for construction through 2027.",flag: museum building temporarily closed for expansion/renovation (reopening 2027); some programs reportedly continue off-site per homepage,T6-labor,T6-labor.md,
Fayette County Public Schools,Garrett Morgan Elementary School,KY,public,https://gmorgan.fcps.net/,opened,https://gmorgan.fcps.net/about-us/school-history,"The school's own ""School History"" page says Garrett Morgan Elementary opened in August 2016 and is ""named for a Kentucky native who invented and patented multiple devices,"" listing a sewing machine, a breathing device for soldiers/firefighters, and the three-light traffic signal, and states he ""represents the innovation, diligence, and creativity"" the school seeks to instill in students.","(none seen — no separate contact/programs page link noted beyond the school's own ""About Us"" section)",High,Evidence page is the school's own official site and explicitly explains why it is named after Garrett Morgan; a public elementary school is a plausible unit for a screening/talkback partnership.,state_law: unsure,T7-morgan-places,T7-morgan-places.md,
NJCDC (New Jersey Community Development Corporation) / Paterson Public Schools,Garrett Morgan Academy,NJ,private nonprofit operating a public school in partnership with Paterson Public Schools,https://www.njcdc.org/,opened,https://www.njcdc.org/garrettmorgan-academy,"NJCDC's own page says Garrett Morgan Academy is ""named for the turn-of-the-century African-American inventor of the traffic light,"" opened in 2000, was ""founded by NJCDC and operated in partnership with Paterson Public Schools,"" and offers after-school programming, tutoring, field trips, and a Teen Center with free year-round enrichment programming.",https://www.njcdc.org/send-message,High,"Evidence page is the operating organization's own official site, explicitly ties the name to the inventor, and the organization already runs enrichment/after-school programming, making it a plausible booking partner.",state_law: unsure,T7-morgan-places,T7-morgan-places.md,
Hopewell Museum,Bourbon County Historical Markers / Historic Preservation program,KY,private nonprofit,https://www.hopewellmuseum.org/,opened,https://www.hopewellmuseum.org/learn/historic-preservation/bourbon-county-historical-markers/garrett-morgan/,"The museum's own page documents Kentucky Historical Marker #1493 and Morgan's life (1877–1963): his hair-care inventions, his 1914-patented Safety Hood/Gas Mask used ""to assist with the recovery of men trapped in a tunnel of the Cleveland Waterworks,"" and his tri-color traffic signal (patented November 1923), along with his founding of the Cleveland Call (later Call & Post) newspaper.","(none seen — a general ""Contact Us"" nav link was noted but no distinct programs/staff page URL)",High,"Evidence page is the museum's own official site, directly covering both of Morgan's key inventions including the Cleveland Waterworks tunnel disaster connection central to this screening's subject.",state_law: unsure,T7-morgan-places,T7-morgan-places.md,
Kentucky Historical Society,Kentucky Historical Marker Program,KY,"public (state agency under the Kentucky Tourism, Arts and Heritage Cabinet; an affiliate of the Smithsonian)",https://history.ky.gov/,opened,https://history.ky.gov/markers/famous-inventor-1877-1963,"The Society's own marker-database page states the marker commemorates Garrett A. Morgan (1877–1963), that he ""invented the tri-color traffic signal, forerunner of the present type, and a gas mask worn in rescue work at Cleveland, Ohio, 1916,"" that his gas mask design became the foundation for WWI rescue equipment, and that the Claysville area was renamed ""Garrett Morgan Place"" in his honor.","https://history.ky.gov/ (homepage has ""Contact Us"" footer link and ""For Educators"" / ""Adult Programs"" / ""Youth & Family Programs"" sections; no single distinct programs-page URL recorded)",High,Evidence page is the state historical-marker registry's own official site and directly covers the Cleveland Waterworks tunnel disaster rescue central to this screening's subject; the Society runs educator/youth programming.,state_law: unsure,T7-morgan-places,T7-morgan-places.md,
Ohio History Connection,"Ohio Historical Marker Program (""Remarkable Ohio"")",OH,private nonprofit that also serves as Ohio's state historical society/state historic preservation office,https://remarkableohio.org/,opened,https://remarkableohio.org/marker/60-18-garrett-a-morgan/,"The organization's own marker-database site lists ""60-18 Garrett A. Morgan"" as an official Ohio historical marker under Cuyahoga County; the page's listing confirms a dedicated state marker for Morgan exists, though the full marker inscription text itself did not render for this review.",(none seen),High,"Evidence page is the operating organization's own official marker database confirming a dedicated Ohio historical marker for Garrett Morgan exists in Cuyahoga County (his home area); full marker text could not be read, so some detail is unconfirmed.",unconfirmed: full marker inscription text did not render on the page I opened,T7-morgan-places,T7-morgan-places.md,
Cuyahoga County Public Library,Chagrin Falls Branch / Youth Programs,OH,public (county library system),https://www.cuyahogalibrary.org/,opened,https://attend.cuyahogalibrary.org/event/14506227,"The library's own event page lists ""Garrett Morgan and the Traffic Light,"" a Black History Month program for grades K-3 at the Chagrin Falls Branch on Saturday, February 28, 2026, inviting children to ""learn about Garrett Morgan and the invention of the traffic light"" with a discussion, craft, and obstacle course; registration is now closed.",https://attend.cuyahogalibrary.org/events (events/programs listing page),High,"Evidence page is the library's own official event listing, shows a recent (2026), dated, Morgan-themed Black History Month program for a public unit (a branch) that already runs this kind of programming and could plausibly host a screening/talkback.",state_law: unsure,T7-morgan-places,T7-morgan-places.md,
Eddie Mae Herron Center & Museum,—,AR,private,https://www.herroncenter.org/,yes,https://www.herroncenter.org/2026-black-history-month,"Opened page shows Feb 20, 2026 film screening of short documentaries (incl. ""Soaring Together: A Tuskegee Airmen Story"") followed by community discussion led by filmmakers/storytellers.",none seen,High,"Small rural museum (former colored school, Pocahontas AR) running exactly the film+talkback format this project needs; likely very small budget, so probably best approached as an introducer/co-promoter rather than a $3,000 payer. No grants/sponsors/honoraria mentioned on the pages opened.",none,T8-black-history-orgs,T8-black-history-orgs.md,
Hayti Heritage Center (St. Joseph's Historic Foundation),—,NC,private,https://www.hayti.org/,yes,https://www.hayti.org/history,"Opened page describes the center's mission and references ""2026–27 season programming"" and community events/classes, but no single dated event page with a specific speaker/film could be located beyond this season note.",https://www.hayti.org/ (contact link in nav),Medium,"Durham's historic Black cultural anchor (home of the long-running Hayti Heritage Film Festival); clear mission fit but the only evidence found was a general season reference, not a single dated program page, so kept at Medium. Small nonprofit — likely a strong introducer to Durham's Black arts/history network rather than a direct payer. No grants/sponsors/honoraria seen on pages opened.",none,T8-black-history-orgs,T8-black-history-orgs.md,
Banneker-Douglass-Tubman Museum,Maryland Commission on African American History and Culture,MD,public,https://bdmuseum.maryland.gov/,yes,https://bdmuseum.maryland.gov/events/,"Opened page lists multiple dated 2025–2026 events, incl. an Oct 2–3, 2026 film screening & discussion (""Paint Me a Road Out of Here"") and an Oct 2026 symposium with a keynote speaker.",https://bdmuseum.maryland.gov/ (Contact Us link in footer),High,"Maryland's official state museum of African American history, run by a state commission; has active, frequent public programming including recent film-and-discussion events that closely match this project's format. State: Maryland, public; state_law: unsure (no specific statute named on pages opened).",none,T8-black-history-orgs,T8-black-history-orgs.md,
AARCH Society (African American Resources Cultural and Heritage Society),—,MD,private,https://aarchsociety.org/,yes,https://aarchsociety.org/walking-tours/,"Opened page lists a full 2026 Saturday walking-tour schedule (April–October) of Frederick's African American heritage sites, run from the Society's heritage center.",https://aarchsociety.org/ (Programs & Events / Get In Touch links in nav),High,"Frederick, MD nonprofit that recently opened a dedicated African American Heritage Center (2023); recent, dated, recurring public programming. Small organization relying on donor/member funding — likely best treated as an introducer/co-promoter for this session rather than a $3,000 direct payer. No honoraria/grant language seen on pages opened.",none,T8-black-history-orgs,T8-black-history-orgs.md,
African American Historical Society of Portsmouth,—,VA,private,https://www.blackhistoryportsmouth.org/,yes,https://www.blackhistoryportsmouth.org/events.htm,"Opened page shows a Nov 2025 community-recognition mention and historical event listings, but no 2026 lecture/film/speaker program with a specific date was found.",none seen,Medium,"Small, very long-running Black history society operating a historic segregation-era library museum; clear mission fit but no recent dated programming page, so kept at Medium. Very small budget signals (low revenue per public filings referenced in search results) — best suited as an introducer to the Hampton Roads Black-history community, not a direct payer.",unconfirmed (no recent dated evidence),T8-black-history-orgs,T8-black-history-orgs.md,
Jefferson School African American Heritage Center,—,VA,private,https://www.jeffschoolheritagecenter.org/,yes,https://www.jeffschoolheritagecenter.org/,"Homepage itself shows dated 2026 programming (an exhibition running Sept 12–Dec 12, 2026, and an Oct 24, 2026 family program), confirming active, recent public programming.",https://www.jeffschoolheritagecenter.org/ (program/events links in nav),High,"Charlottesville, VA heritage center with active exhibitions and family/education programming; small community institution, likely best approached as an introducer/co-promoter given probable budget size. No grants/sponsors/honoraria seen on the page opened.",none,T8-black-history-orgs,T8-black-history-orgs.md,
"Museum of African American History (MAAH), Boston & Nantucket",—,MA,private,https://maah.org/,yes,https://maah.org/events/,"Opened page lists numerous dated 2025–2026 film screenings and lectures, incl. a Feb 26, 2026 U.S.-premiere film screening (""In Search of Phillis Wheatley Peters"") and a Sept 24, 2026 short-film-and-Q&A program on Paul Cuffe.",https://maah.org/contact/,High,"Well-established independent Black history museum with a frequent, varied public program (film + Q&A, lectures) that closely matches this project's format; larger than most rows here, so may have more direct-booking capacity, though still worth a budget-aware approach. No honoraria/grant specifics seen on pages opened.",none,T8-black-history-orgs,T8-black-history-orgs.md,
North Carolina African American Heritage Commission,NC Dept. of Natural and Cultural Resources,NC,public,https://aahc.nc.gov/,yes,https://aahc.nc.gov/programs/black-history-month-toolkit-2026,"Opened page is the Commission's 2026 Black History Month Toolkit: a community calendar, ""NC African American Trailblazers"" resource, a statewide Read-In, and links to heritage/Civil Rights Trail programming.",https://aahc.nc.gov/contact-us,High,"State commission (under NC DNCR) that actively coordinates statewide BHM programming and a public community calendar — a strong potential introducer/connector to many smaller NC Black-history groups, as well as a possible co-promoter in its own right. State: North Carolina, public; state_law: unsure (no specific statute named on the page opened).",none,T8-black-history-orgs,T8-black-history-orgs.md,
South Carolina African American Heritage Commission,SC Dept. of Archives and History,SC,public,https://www.scaahc.org/,not opened: page returned blank/no renderable content,https://schumanities.org/community-events/2026-sc-african-american-heritage-commission-annual-conference/,"Opened third-party (SC Humanities) page describing the Commission's Feb 28, 2026 Annual Conference: sessions on Black entrepreneurs, preserving Black historic schools, and Black Revolutionary War history, with a listed speaker (Rep. Jim Clyburn).",none seen,Medium,"State heritage commission (assists SC Dept. of Archives and History) with confirmed, dated 2026 statewide programming, but its own homepage could not be opened in this session, so kept at Medium despite strong evidence of activity. Likely a useful introducer to SC's county-level Black-history groups. State: South Carolina, public; state_law: unsure.",unconfirmed (own homepage not opened),T8-black-history-orgs,T8-black-history-orgs.md,
"George Washington Carver Museum, Cultural and Genealogy Center",City of Austin Parks and Recreation Dept.,TX,public,https://www.austintexas.gov/carver/programs-events,yes,https://www.austintexas.gov/carver/programs-events,"Opened page lists dated fall 2026 programs (e.g., an Oct 8, 2026 exhibition closing reception, Sept/Oct 2026 afterschool programs) at the city-run museum; separate search results also show a Feb 7, 2026 BHM Centennial kick-off block party.",https://austintexas.gov/department/black-history-month,High,"City of Austin department (Parks and Recreation) running an active, dated public-programming calendar focused on African American history; a public institution with real programming capacity, though as a city department it may have its own procurement process. State: Texas, public; state_law: unsure (no specific statute named on the page opened).",none,T8-black-history-orgs,T8-black-history-orgs.md,
