company,industry,signal_types,evidence,source_url,source_date,verification,confidence,notes
Dominion Energy,Investor-owned utility,1;5,"Dominion Foundation gave $250,000 to the Robert Russa Moton Museum to produce the documentary film 'Strike: April 23, 1951' (dir. Tim Reid). Direct precedent of a utility funding a historical documentary about a Black civil-rights story.",https://motonmuseum.org/250000-grant-from-dominion-foundation/,2010-01-29,Page fetched and read,strong,Dated (2010) but the clearest utility-funded historical-documentary precedent found. Current foundation is the Dominion Energy Charitable Foundation; typical grants $1k-$15k per search summary of insidephilanthropy.com (not fetched).
Dominion Energy,Investor-owned utility,1,Foundation program page lists arts and cultural access as a funding area; search results also showed support for Pocahontas Reframed Film Festival (VA).,https://www.dominionenergy.com/about/our-company/charitable-foundation/community-vitality-grants,undated,Search-result summary only; page not fetched; film-festival claim not independently confirmed,weak,Corroborating context only; do not rely on the film-festival claim until you click through.
Bechtel,EPC / heavy civil,5,"Bechtel Corporation announced it is title sponsor of the film 'Dream Big: Engineering Wonders of the World'; S.D. Bechtel Jr. Foundation provided underwriting.",https://www.bechtel.com/press-releases/bechtel-co-sponsors-dream-big-movie-project/,2015-10-13,Page fetched and read,strong,Direct sponsorship of a film about engineering by an EPC firm. It is a STEM-promotion film not a historical documentary. Closest sector precedent found for film sponsorship by an EPC.
Duke Energy,Investor-owned utility,1;2,"Duke Energy Foundation America250 grants (June 2026 release) included NC Public Television Foundation to bring PBS NC's 'Homegrown History' documentary series to two rural communities for free screenings; other grants to history museums and historical societies. Foundation total >$1M America250 across six states.",https://www.prnewswire.com/news-releases/duke-energy-expands-access-to-local-history-and-civic-learning-across-north-carolina-through-america250-grants-302809380.html,2026-06-24,Press release fetched and read,moderate,Recent and history/documentary adjacent but the grant is for screenings/engagement not production. America250 is a time-limited program; check whether successor programs exist. ProPublica lists Duke Energy Foundation EIN 58-1586283; Schedule I grantee detail not reviewed.
Union Pacific,Class I railroad,1;2,"Union Pacific Railroad Community Ties Giving Program grant of $5,125 to Carlin Historical Society (NV) for an interactive exhibit on railroad history. Program priorities listed as safety, workforce development, community spaces.",https://carlinhistoricalsociety.com/union-pacific-grant/,2020-08-21,Page fetched and read,moderate,Small grant; history-related but not film. Safety is an explicit giving priority which fits the Morgan safety-hood story. Union Pacific Foundation GuideStar profile: https://www.guidestar.org/profile/13-6406825 (not fetched).
Norfolk Southern,Class I railroad,1,"Norfolk Southern Thriving Communities grant of $25,000 to National Center for Civil and Human Rights (Operation Inspiration free student admission). Grant programs state focus areas safety, sustainability, workforce development, community resilience.",https://www.civilandhumanrights.org/norfolk-southern-grants-25000-to-the-national-center-for-civil-and-human-rights/,2026-06-01,Page fetched and read,moderate,Shows willingness to fund civil-rights/Black-history institutions. Not a film grant. 2023 East Palestine derailment makes railroad safety messaging sensitive; this cuts both ways.
BNSF Railway,Class I railroad,1;2,"BNSF made a $2 million founding donation to the National Juneteenth Museum (Fort Worth), announced by BNSF Railway Foundation president; described as inaugural naming-rights partnership.",https://nationaljuneteenthmuseum.org/news-blog/bnsf-railway-donates-2-million-to-support-the-national-juneteenth-museum-and-the-revitalization-of-fort-worths-historic-southside,2024-02-20,Page fetched and read,moderate,Strongest large railroad gift to a Black-history institution found. Not a film. Foundation lists cultural organizations including Montana Historical Society (insidephilanthropy.com summary; not fetched).
CSX,Class I railroad,1;2,"CSX committed $10 million to the Museum of Science & History (Jacksonville) MOSH Genesis campaign; to be recognized as presenting sponsor of the new museum.",https://investors.csx.com/news-and-events/news/news-details/2024/CSX-Commits-10-Million-Donation-to-Museum-of-Science--Historys-Move-to-the-Northbank/default.aspx,2024-03-26,Page fetched and read,moderate,Shows appetite for naming/presenting-sponsor recognition at museums. Science museum rather than film or Black history.
Georgia Power / Southern Company,Investor-owned utility,1;2,"Georgia Power partnered with Georgia Public Broadcasting and Georgia Historical Society to relaunch the 'Today in Georgia History' series. Southern Company reports >$85M in 2024 giving across grants/sponsorships (search summary).",https://www.georgiapower.com/news-hub/press-releases/georgia-power-partners-with-georgia-public-broadcasting-and-georgia-historical-society.html,2025-08,Page fetched and read (the $85M figure is from a search summary and not verified),moderate,Direct precedent of a utility sponsoring history media with a public broadcaster. Short-form series not a feature film. Exact day of release not stated.
Entergy,Investor-owned utility,1;2,"Per Entergy CSR page: $500,000 gift to Mississippi Civil Rights Museum (opened 2017); $75,000 as official program sponsor of 'Fighting for the Right to Fight: African American Experiences in WWII' at National WWII Museum (debuted July 2015); funded 'Purchased Lives' traveling exhibit with Historic New Orleans Collection (Sept 2016-Feb 2018).",https://www.entergy.com/communities/csr,2015-2018 (items on page),Page fetched and read,moderate,Repeated sponsorship of Black-history exhibits and museums. These are historical gifts; confirm current giving priorities. Not film.
Chevron,Oil and gas,1,Search results list Chevron as a 'Living History Vanguard' donor to the National Museum of African American History and Culture.,https://campaign.nmaahc.si.edu/donors/,undated,NOT verified: URL redirects to https://nmaahc.si.edu/give which I did not open; claim is from a search summary,weak,Treat as a pointer only. Open the donor list yourself before using it.
ExxonMobil,Oil and gas,1;5,Search results indicate an $850000 ExxonMobil gift for the Smithsonian traveling exhibition on the Green Book.,https://si.edu/newsdesk/releases/smithsonian-announces-exxonmobil-sponsorship-traveling-exhibition-green-book,date not confirmed,NOT verified: page returned 403 to my fetch; claim is from a search summary,weak,Potentially a useful Black-history sponsorship precedent in oil and gas; confirm amount and date at source.
Dow,Chemical processing,3,Search summary says Dow sponsors the Rising Stars of Safety award at NSC Safety Congress & Expo and appears in NSC's $50000-$99999 corporate donor category for 2024.,https://www.nsc.org/newsroom/nsc-announces-2024-rising-stars-of-safety,2024,NOT verified: nsc.org returned 403 to my fetch; claim is from search summary. Also https://www.nsc.org/pages/corporate-donors,moderate,Real safety-organization sponsorship signal if confirmed. Click both NSC URLs to confirm tier and year.
Xcel Energy,Investor-owned utility,1;5,"Search summaries: Xcel Energy Foundation grants to historical societies and museums in WI/MN (Chippewa Valley Museum, Barron County Historical Society); Xcel was among utilities supporting the 'Pioneering Power' documentary on rural electrification (Colorado Country Life).",https://www.coloradocountrylife.coop/pioneering-power-documentarys-cooperative-spirit/,undated,NOT verified: Colorado Country Life returned HTTP 402; WXOW grants article returned 429,weak,Interesting documentary precedent (Pioneering Power) but I could not read the source. Verify at https://www.wxow.com/archive/xcel-energy-foundation-provides-320-000-in-area-nonprofit-grants/article_ec223c73-596e-58bd-a410-67385a622d0a.html
Exelon / ComEd,Investor-owned utility,1,"Search summary: ComEd/League of Chicago Theatres 'Powering the Arts' program awards grants including cultural heritage film events and local filmmakers (2025: $230000 to 21 communities).",https://www.businesswire.com/news/home/20250904326105/en/ComEd-League-of-Chicago-Theatres-Award-$230000-in-Grants-to-Power-Cultural-Programs-Expand-Access-to-Arts,2025-09-04,NOT verified: page returned 403; claim is from a search summary,weak,Small regional film-adjacent grants; not a lead for a feature-film sponsor without more evidence.
FirstEnergy,Investor-owned utility,1;3,"Search summary says FirstEnergy Foundation is listed as a $20000+ donor in Western Reserve Historical Society FY2022 annual report.",https://www.wrhs.org/files/resources/wrhs-ar2202-27-24.pdf,FY2022,NOT verified: the PDF is image-only and I could not read it. FirstEnergy foundation reportedly accepts invited proposals only (insidephilanthropy summary),weak,Geographically the best fit for a Cleveland story (Morgan's tunnel rescue was beneath Lake Erie) but I could not confirm any giving. Open the PDF and check manually.
American Electric Power,Investor-owned utility,1,"AEP Foundation reports $22998295 in 2025 grants and lists arts, music and cultural heritage among focus areas (search summary).",https://pr.aep.com/community/givingback,2025,NOT verified: not fetched,weak,No specific film or history grantee found.
Turner Construction,Construction / EPC,1,"Turner Construction Company Foundation (EIN 13-3072570) paid $7143978 in FY2024 per ProPublica; focus areas include workforce readiness and DEI. Named grantees not visible on the ProPublica summary; one search summary mentioned Vero Beach Museum of Art.",https://projects.propublica.org/nonprofits/organizations/133072570,FY2024,ProPublica page fetched; grantee-level detail NOT reviewed,weak,Next step: open the Form 990-PF Part XIV list of grants. Turner also endows the Henry C. Turner Prize at the National Building Museum (Wikipedia via search; not fetched).
Greater Cleveland Film Commission (reference check),Film commission,3,"GCFC partners page lists Eaton and Goodyear as event sponsors/partners; no utility, railroad, oil/gas, chemical or aviation company listed.",https://www.clevelandfilm.com/join-give/partners,undated (current page),Page fetched and read,weak,Eaton (electrical) is the only industrial-safety-adjacent name. No target-industry company found as sponsor.
Con Edison,Investor-owned utility,1,Foundation and corporate grants in 2025 focus on climate resilience and workforce; no film or history grant found.,https://www.coned.com/en/about-us/media-center/news/2025/10-09/con-edison-awards-$15-million-in-grants-to-local-nonprofits,2025-10-09,Search summary only,weak,No relevant signal found.
PG&E,Investor-owned utility,1,PG&E Corporation Foundation (annual giving >$36M in 2024 per search summary) focuses on safety/emergency preparedness; no film/arts/history grant found.,https://investor.pgecorp.com/news-events/press-releases/press-release-details/2026/The-PGE-Corporation-Foundation-to-Award-500000-in-Community-Focused-Grants-for-Environmental-Stewardship/default.aspx,2026,Search summary only,weak,No relevant signal found. Safety is a stated priority.
Fluor,EPC / heavy civil,none,No signal found in my searches.,,,Searched; nothing found,weak,Absence of evidence in a limited search; not evidence of no giving.
Kiewit,EPC / heavy civil,none,Kiewit Corporation has an 'Apply for Corporate Support for Greater Omaha Events and Programs' page but I found no film/history grant.,https://www.kiewit.com/pages/corporate-support-for-omaha-events-programs/,undated,Search result only,weak,Omaha-focused giving; no relevant signal found.
Jacobs,EPC / heavy civil,none,No signal found in my searches.,,,Searched; nothing found,weak,Limited search.
AECOM,EPC / heavy civil,none,No signal found in my searches.,,,Searched; nothing found,weak,Limited search.
Granite Construction,Heavy civil,none,No signal found in my searches.,,,Searched; nothing found,weak,Limited search.
DTE Energy,Investor-owned utility,none,No signal found in my searches.,,,Searched; nothing found,weak,Limited search (one combined query).
NextEra Energy / FPL,Investor-owned utility,none,No signal found in my searches.,,,Searched; nothing found,weak,Limited search (one combined query).
MSA Safety,Respiratory/safety equipment (not in your list; included because of direct product link),none,No documentary sponsorship or Garrett Morgan connection found. Company history page ties its origin to the 1912 Jed Mine explosion.,https://us.msasafety.com/ourHistory?locale=en,undated,Search summary only,weak,Thematically the best fit (respiratory protection) but no giving signal found. Worth a direct outreach rather than relying on this research.
3M / Honeywell,Safety equipment manufacturers (not in your list),none,No documentary sponsorship found.,,,Searched; nothing found,weak,Limited search.
Boeing,Aviation,none,No signal found in my searches (not searched individually).,,,Not searched in depth,weak,Not covered adequately.
