Organization,Email,Phone,Source page URL,Tag,Status,Notes
The Reinberger Foundation,info@reinbergerfoundation.org,(216) 292-2790,https://reinbergerfoundation.org,on_unit_page,ok,"General inbox printed on its Arts, Culture & Humanities page. Co-Executive Director Bob Dyer named as first contact (conversation required if no grant in 5 years). LOI through online portal."
KeyBank Foundation,KeyBank_Foundation@KeyBank.com,"1-800-KEY2YOU (539-2968, customer service)",https://www.key.com/about/corporate-responsibility/apply-for-a-grant.html,on_unit_page,ok_use_portal,"Printed for questions/technical help. Community Grants are invitation-only via Expression of Interest (priorities Neighbors, Education, Workforce; arts not mentioned). Community Sponsorships ($500-$5,000, event or operating) accepted Jan-Oct, so the window closes at the end of October. Portal: https://bbgm-apply.yourcausegrants.com/apply/applications"
PNC Foundation,erin.deimling@pnc.com,(216) 222-4585,https://www.pnc.com/foundation,other_page,ok_named_contact,"Cleveland region contact on PNC Foundation page ('direct specific questions to'); role/title not printed. Cuyahoga, Erie, Geauga, Huron, Lake, Lorain counties. Arts mentioned as cultural enrichment under Economic Development. Eligibility quiz on its portal. Individuals and private foundations not supported."
Mellon Foundation,inquiries@mellon.org,(212) 838 8400,https://www.mellon.org/contact,on_unit_page,ok_general_inquiries,General inquiries inbox. Page makes no statement about unsolicited proposals; other sources say it is mostly by invitation. Grants portal help: fluxxusers@mellon.org.
Kulas Foundation / John P. Murphy Foundation (shared office),,216.623.4770,https://murphykulas.org,other_page,phone_only,"Shared Cleveland office, 1660 West 2nd Street, Suite 800. No email on the page. Kulas focus printed as music and music therapy research; Murphy as arts and culture, community, higher education in Northeast Ohio. Call the Grants Manager."
Kentucky Humanities,,,https://kyhumanities.org/programs/grants,other_page,use_portal,"Grants page shows a grant portal and a 2026 cycle of up to $5,000; radio and video productions listed as eligible project types; no film or fiscal sponsor mention. Contact Us page returned no contact details when fetched. A search summary named a grants staff member and university email; not confirmed on the page."
Kentucky Foundation for Women,,"502-562-0045 (from search summary, unconfirmed)",https://www.kfw.org/?p=462,other_page,no_email,Page we tried returned 404. Search summary lists team@kfw.org (undated); not confirmed. Applicants must be Kentucky residents; feminist focus.
The Char and Chuck Fowler Family Foundation,,,https://www.zeffy.com/foundations/900035660,other_page,no_email,"Aggregator lists mailing address c/o Cornerstone Family Offices, Mayfield Heights, OH. Official site not found. Grantmaking may have ended Dec 31, 2025 (unconfirmed)."
The Laub Foundation,,,https://grantexec.com/foundations/346526087,other_page,no_email,"Filed as c/o a trustee in Rocky River, OH (from tax filings via aggregators). Sources conflict on whether it accepts applications. Mail or phone to the trustee only; no organizational email found."
Lincoln Electric Foundation,,,https://sustainability.lincolnelectric.com/philanthropy.html,other_page,no_email,Philanthropy page prints no contact or request process. Company giving channel for in-kind via the James F. Lincoln Foundation. Approach through community relations at Lincoln Electric (Euclid) or a warm introduction.
The George Gund Foundation,,,https://gundfoundation.org/wp-content/uploads/2026/08/The_Gund_Foundation_Grant_Guidelines_20260818.pdf,other_page,use_portal,Online application; no letter of inquiry. Film productions not prioritized. Not recommended for this film.
The Murch Foundation,,,https://grantexec.com/foundations/346520188,other_page,invite_only,Invite-only per aggregator profile.
The Shubert Foundation,,,https://shubertfoundation.org/programs,other_page,not_a_fit,"Opened: general operating support only for the live performing arts (theatre main focus, dance second); no project or film grants mentioned. Dropped."
Dominion Energy Charitable Foundation,,,https://www.dominionenergy.com/about/our-company/charitable-foundation,on_unit_page,not_a_fit,Opened: no longer makes grants in Ohio (Enbridge took over the Ohio gas utility in 2024). Dropped.
FirstEnergy Foundation,,,https://www.zeffy.com/foundations/346514181,other_page,invite_only_unconfirmed,"Aggregators say grants through a portal, invited only, with conflicting named contacts. Official page not found."
Far Star Action Fund,,,https://impala.digital/public/profiles/82-3710730/programs,other_page,no_email,Only a third-party profile found; appears to fund organizations it collaborates with. No contact.
The Veale Foundation,,,https://platform.grantexec.com/foundations/346565830-the-veale-foundation,other_page,invite_only_unconfirmed,"Pepper Pike, OH; typically selects its own grantees (aggregator). No email."
Thomas H. White Foundation,,,https://case.edu/ech/articles/t/thomas-h-white-foundation,other_page,phone_only,"Education-focused, programs must benefit Cleveland residents (search summaries). No contact found; poor fit for film."
