id,name,type,territory,metro_location,affiliation_or_role,evidence_url,evidence_date,evidence_summary,giving_as_stated,tie_to_story,intro_path_hint,contact_route,tier,source_type,opened,iteration,notes
P001,The Char and Chuck Fowler Family Foundation,foundation,Ohio,Ohio,Funder of Great Lakes Science Center,https://greatscience.com/sites/default/files/pictures/GLSC%20FY24%20annual%20report%20WEB.pdf,FY24,Listed in Corporate and Foundation Giving in the FY24 annual report.,"$50,000-$99,999",none stated,foundation inbox,foundation grants inbox (not yet researched),A,annual_report_donor_list,Y (pdf text),1,
P002,The George Gund Foundation,foundation,Ohio,Ohio,Funder of Great Lakes Science Center,https://greatscience.com/sites/default/files/pictures/GLSC%20FY24%20annual%20report%20WEB.pdf,FY24,Listed in Corporate and Foundation Giving in the FY24 annual report.,"$50,000-$99,999",none stated,foundation inbox,foundation grants inbox (not yet researched),A,annual_report_donor_list,Y (pdf text),1,
P003,The Nord Family Foundation,foundation,Ohio,Ohio,Funder of Great Lakes Science Center,https://greatscience.com/sites/default/files/pictures/GLSC%20FY24%20annual%20report%20WEB.pdf,FY24,Listed in Corporate and Foundation Giving in the FY24 annual report.,"$50,000-$99,999",none stated,foundation inbox,foundation grants inbox (not yet researched),A,annual_report_donor_list,Y (pdf text),1,
P004,Thomas F. Peterson Charitable Trust,foundation,Ohio,Ohio,Funder of Great Lakes Science Center,https://greatscience.com/sites/default/files/pictures/GLSC%20FY24%20annual%20report%20WEB.pdf,FY24,Listed in Corporate and Foundation Giving in the FY24 annual report.,"$50,000-$99,999",none stated,foundation inbox,foundation grants inbox (not yet researched),A,annual_report_donor_list,Y (pdf text),1,
P005,The Nancy Andrews Family Foundation,foundation,Ohio,Ohio,Funder of Great Lakes Science Center,https://greatscience.com/sites/default/files/pictures/GLSC%20FY24%20annual%20report%20WEB.pdf,FY24,Listed in Corporate and Foundation Giving in the FY24 annual report.,"$100,000-$499,999",none stated,foundation inbox,foundation grants inbox (not yet researched),A,annual_report_donor_list,Y (pdf text),1,
P006,"Jack, Joseph, and Morton Mandel Supporting Foundation",foundation,Ohio,Ohio,Funder of Great Lakes Science Center,https://greatscience.com/sites/default/files/pictures/GLSC%20FY24%20annual%20report%20WEB.pdf,FY24,Listed in Corporate and Foundation Giving in the FY24 annual report.,"$100,000-$499,999",none stated,foundation inbox,foundation grants inbox (not yet researched),A,annual_report_donor_list,Y (pdf text),1,
P007,Kulas Foundation,foundation,Ohio,Ohio,Funder of Great Lakes Science Center,https://greatscience.com/sites/default/files/pictures/GLSC%20FY24%20annual%20report%20WEB.pdf,FY24,Listed in Corporate and Foundation Giving in the FY24 annual report.,"$50,000-$99,999",none stated,foundation inbox,foundation grants inbox (not yet researched),A,annual_report_donor_list,Y (pdf text),1,
P008,Argosy Foundation,foundation,Ohio,Ohio,Funder of Great Lakes Science Center,https://greatscience.com/sites/default/files/pictures/GLSC%20FY24%20annual%20report%20WEB.pdf,FY24,Listed in Corporate and Foundation Giving in the FY24 annual report.,"$50,000-$99,999",none stated,foundation inbox,foundation grants inbox (not yet researched),A,annual_report_donor_list,Y (pdf text),1,
P009,Reinberger Foundation,foundation,Ohio,Ohio,Funder of Karamu House (990-based listing),https://grantable.co/nonprofits/karamu-house-inc-morg_2f40418077ae4c0db0ceb0b947d13da4,not stated,Appears among Karamu funders in a listing; not opened.,not stated,none stated,,foundation inbox (not yet researched),A,grant_tracker_search_result,N,1,
P010,Far Star Action Fund,fund,Segments,not stated,Named supporter of the Who We Are Project,https://givingcompass.org/article/philanthropists-can-support-racial-equity-through-funding-documentaries,not stated,Article names it as a supporter; opened.,not stated,none stated,,organization (not yet researched),A,article,Y,1,
P011,Impact Partners,fund,Segments,not stated,Film financing circle of individuals and family foundations (search summary),https://filmmakermagazine.com/?p=109009,not stated,Equity investors in social-issue documentaries; not opened.,not stated,none stated,,organization (not yet researched),B,search_result_summary,N,1,
P012,Motorola Solutions Foundation,foundation,Segments,national,Sponsor of National Fallen Firefighters Foundation (fire service and safety),https://www.firehero.org/ways-to-help/partners/,undated (page copyright through 2026),Named on NFFF's sponsor page; opened.,"Tribute Sponsor, $250,000+",safety and fire service tie to Morgan's rescue hood,NFFF sponsor network (org level),foundation or corporate giving office (not yet researched),A,sponsor_page,Y,Page undated; find a dated annual report to confirm recency before outreach,2,
P013,The Knox Company,corporate_program,Segments,national,Sponsor of National Fallen Firefighters Foundation (fire service and safety),https://www.firehero.org/ways-to-help/partners/,undated (page copyright through 2026),Named on NFFF's sponsor page; opened.,"Tribute Sponsor, $250,000+",safety and fire service tie to Morgan's rescue hood,NFFF sponsor network (org level),foundation or corporate giving office (not yet researched),A,sponsor_page,Y,Page undated; find a dated annual report to confirm recency before outreach,2,
P014,3M Scott Fire & Safety,corporate_program,Segments,national,Sponsor of National Fallen Firefighters Foundation (fire service and safety),https://www.firehero.org/ways-to-help/partners/,undated (page copyright through 2026),Named on NFFF's sponsor page; opened.,"Silver Sponsor, $25,000+ (maker of fire service respiratory protection)",safety and fire service tie to Morgan's rescue hood,NFFF sponsor network (org level),foundation or corporate giving office (not yet researched),A,sponsor_page,Y,Page undated; find a dated annual report to confirm recency before outreach,2,
P015,"Pierce Manufacturing, Inc.",corporate_program,Segments,national,Sponsor of National Fallen Firefighters Foundation (fire service and safety),https://www.firehero.org/ways-to-help/partners/,undated (page copyright through 2026),Named on NFFF's sponsor page; opened.,"Legacy Sponsor, $100,000+",safety and fire service tie to Morgan's rescue hood,NFFF sponsor network (org level),foundation or corporate giving office (not yet researched),A,sponsor_page,Y,Page undated; find a dated annual report to confirm recency before outreach,2,
P016,Cintas Fire Protection,corporate_program,Segments,national,Sponsor of National Fallen Firefighters Foundation (fire service and safety),https://www.firehero.org/ways-to-help/partners/,undated (page copyright through 2026),Named on NFFF's sponsor page; opened.,"Legacy Sponsor, $100,000+",safety and fire service tie to Morgan's rescue hood,NFFF sponsor network (org level),foundation or corporate giving office (not yet researched),A,sponsor_page,Y,Page undated; find a dated annual report to confirm recency before outreach,2,
P017,"Underwriters Laboratories, Inc.",corporate_program,Segments,national,Sponsor of National Fallen Firefighters Foundation (fire service and safety),https://www.firehero.org/ways-to-help/partners/,undated (page copyright through 2026),Named on NFFF's sponsor page; opened.,"Silver Sponsor, $25,000+",safety and fire service tie to Morgan's rescue hood,NFFF sponsor network (org level),foundation or corporate giving office (not yet researched),A,sponsor_page,Y,Page undated; find a dated annual report to confirm recency before outreach,2,
P018,FM Global Foundation,foundation,Segments,national,Sponsor of National Fallen Firefighters Foundation (fire service and safety),https://www.firehero.org/ways-to-help/partners/,undated (page copyright through 2026),Named on NFFF's sponsor page; opened.,"Silver Sponsor, $25,000+",safety and fire service tie to Morgan's rescue hood,NFFF sponsor network (org level),foundation or corporate giving office (not yet researched),A,sponsor_page,Y,Page undated; find a dated annual report to confirm recency before outreach,2,
P019,Johnson Controls Foundation,foundation,Segments,national,Sponsor of National Fallen Firefighters Foundation (fire service and safety),https://www.firehero.org/ways-to-help/partners/,undated (page copyright through 2026),Named on NFFF's sponsor page; opened.,"Silver Sponsor, $25,000+",safety and fire service tie to Morgan's rescue hood,NFFF sponsor network (org level),foundation or corporate giving office (not yet researched),A,sponsor_page,Y,Page undated; find a dated annual report to confirm recency before outreach,2,
P020,Gary Sinise Foundation,foundation,Segments,national,Sponsor of National Fallen Firefighters Foundation (fire service and safety),https://www.firehero.org/ways-to-help/partners/,undated (page copyright through 2026),Named on NFFF's sponsor page; opened.,"Silver Sponsor, $25,000+",safety and fire service tie to Morgan's rescue hood,NFFF sponsor network (org level),foundation or corporate giving office (not yet researched),A,sponsor_page,Y,Page undated; find a dated annual report to confirm recency before outreach,2,
P021,"OSHKOSH Corporation Foundation, Inc.",foundation,Segments,national,Sponsor of National Fallen Firefighters Foundation (fire service and safety),https://www.firehero.org/ways-to-help/partners/,undated (page copyright through 2026),Named on NFFF's sponsor page; opened.,"Bronze Sponsor, $10,000+",safety and fire service tie to Morgan's rescue hood,NFFF sponsor network (org level),foundation or corporate giving office (not yet researched),A,sponsor_page,Y,Page undated; find a dated annual report to confirm recency before outreach,2,
P022,Mellon Foundation,foundation,Kentucky,"New York, NY",Funder of Black history and heritage project in Louisville (Creative Agents of Change),https://www.mellon.org/grant-details/creative-agents-of-change-foundation-inc.-20449766,2021-06-11,"Awarded $300,000 over 24 months for Black history and heritage installations in Louisville; opened.","$300,000 (grant to a Louisville org, 2021)",Black history in Kentucky,,foundation grants office (not yet researched),A,grant_page,Y,,2,
P023,Kentucky Foundation for Women,foundation,Kentucky,"Louisville, KY","Art Meets Activism grants include film projects; largest award listed $10,000",https://www.kfw.org/feminist-blog/2024-ama-recipients-2/,2024-06-21,2024 recipients include film projects; opened. Eligibility not stated on page; program targets feminist artists in Kentucky.,"$5,000 to $10,000 awards to film projects",Kentucky arts,,"check guidelines; fit likely weak (feminist focus, individual artists)",B,grant_recipients_page,Y,Likely poor fit; keep low priority,2,
P024,Ford Foundation (JustFilms),foundation,New York,"New York, NY",Documentary film funder; also funds Schomburg Center film archive work (search summary),https://www.fordfoundation.org/WORK/OUR-GRANTS/JUSTFILMS/JUSTFILMS-INQUIRY/,not stated,"Summary says JustFilms funds feature documentaries only (50+ minutes), not narrative; not opened.","$200,000 to Schomburg 2024 (per summary)",Black history and film,,JustFilms inquiry (not yet researched),B,search_result_summary,N,Narrative feature likely ineligible; see if Ford funds non-documentary through other programs,2,
P025,Perspective Fund,fund,Segments,not stated,"Documentary and journalism funder; project grants $25,000 to $150,000 (per summary)",https://grantable.co/grants/perspective-fund-organizations-grant-6f3f8ac43e07,not stated,Impact-focused documentary grants; not opened.,"$25,000 to $150,000 grants (per summary)",none stated,,not yet researched,B,search_result_summary,N,Documentary focus; narrative fit doubtful,2,
