org,territory,homepage_status,page_url,email,nearby_text,proposal_page_url,proposal_snippet,fetched_at,status,flags,unit_relevance
North Carolina Central University,T1-hbcu,robots_disallowed,https://www.nccu.edu/,,,,,2026-10-04T22:22:01.217715Z,site_failed,robots_disallowed,
Winston-Salem State University,T1-hbcu,opened,https://www.wssu.edu/about/visit.html,ambassadors@wssu.edu,"questions or rescheduling assistance, please contact: Office of Campus Visits 📧 ambassadors@wssu.edu 📞 336-750-2919",,,2026-10-04T22:22:03.722307Z,ok,skipped_role_addresses: advancement@wssu.edu,other_page
Winston-Salem State University,T1-hbcu,opened,https://www.wssu.edu/about/visit.html,graybd@wssu.edu,Email: graybd@wssu.edu or ambassadors@wssu.edu,,,2026-10-04T22:22:03.722307Z,ok,skipped_role_addresses: advancement@wssu.edu,other_page
Winston-Salem State University,T1-hbcu,opened,https://www.wssu.edu/about/offices-and-departments/the-office-of-information-technology/departments/application-administration-services/tlc/linkedin-learning.html,carlsonj@wssu.edu,"on contact Janet Carlson , Learning & Development Specialist 336-750-8647 or by carlsonj@wssu.edu .",,,2026-10-04T22:22:03.722307Z,ok,skipped_role_addresses: advancement@wssu.edu,other_page
South Carolina State University,T1-hbcu,opened,https://www.scsu.edu/online_education/index.php,code@scsu.edu,"earning Instructional Designer Darius Washington, Academic Technoloy Specialist code@scsu.edu 803-536-7187 CODE News & Features SC State University named one of",,,2026-10-04T22:22:18.730821Z,ok,,other_page
Washington and Lee University,T2-midatlantic-southeast,opened,https://www.wlu.edu/,,,,,2026-10-04T22:22:34.339988Z,no_email_found,no_email_found,
Elon University,T2-midatlantic-southeast,opened,https://www.elon.edu/,,,,,2026-10-04T22:22:59.168074Z,no_email_found,no_email_found,
Mercer University,T2-midatlantic-southeast,opened,https://www.mercer.edu/,,,,,2026-10-04T22:23:14.547134Z,no_email_found,no_email_found,
Roanoke College,T2-midatlantic-southeast,opened,https://www.roanoke.edu/admissions/contact_us,chittenden@roanoke.edu,Email: chittenden@roanoke.edu,,,2026-10-04T22:23:29.630847Z,ok,skipped_role_addresses: admissions@roanoke.edu,other_page
Roanoke College,T2-midatlantic-southeast,opened,https://www.roanoke.edu/admissions/contact_us,farquharcaddell@roanoke.edu,Email: farquharcaddell@roanoke.edu,,,2026-10-04T22:23:29.630847Z,ok,skipped_role_addresses: admissions@roanoke.edu,other_page
University of Richmond,T2-midatlantic-southeast,opened,https://www.richmond.edu/,,,,,2026-10-04T22:25:51.436562Z,no_email_found,no_email_found,
Furman University,T2-midatlantic-southeast,robots_disallowed,https://www.furman.edu/,,,,,2026-10-04T22:26:46.775715Z,site_failed,robots_disallowed,
Hendrix College,T2-midatlantic-southeast,failed,https://www.hendrix.edu/ (redirects to https://via.hendrix.edu/),,,,,2026-10-04T22:26:48.986545Z,site_failed,http_400,
Oberlin College,T2-midwest,opened,https://www.oberlin.edu/mrc,mrc@oberlin.edu,440-775-5634 mrc@oberlin.edu 8:30am - 4:30pm,,,2026-10-04T22:26:51.523342Z,ok,,other_page
Macalester College,T2-midwest,robots_disallowed,https://www.macalester.edu,,,,,2026-10-04T22:27:09.769048Z,site_failed,robots_disallowed,
Hope College,T2-midwest,opened,https://hope.edu/offices/center-diversity-inclusion/,diversity@hope.edu,"usion Keppel House 129 East 10th Street Holland , MI 49423 work P. 616.395.6760 diversity@hope.edu",https://hope.edu/offices/center-diversity-inclusion/,Costs & Financial Aid Student Achievements Scholarships Majors and Programs Apply Visit High School Counselors Student Blogs Request Information Research Research abounds at Hope.,2026-10-04T22:27:12.219302Z,ok,skipped_role_addresses: admissions@hope.edu,on_unit_page
Hope College,T2-midwest,opened,https://hope.edu/offices/center-diversity-inclusion/,web@hope.edu,Website Feedback,https://hope.edu/offices/center-diversity-inclusion/,Costs & Financial Aid Student Achievements Scholarships Majors and Programs Apply Visit High School Counselors Student Blogs Request Information Research Research abounds at Hope.,2026-10-04T22:27:12.219302Z,ok,skipped_role_addresses: admissions@hope.edu,on_unit_page
Hope College,T2-midwest,opened,https://hope.edu/,web@hope.edu,Website Feedback,https://hope.edu/offices/center-diversity-inclusion/,Costs & Financial Aid Student Achievements Scholarships Majors and Programs Apply Visit High School Counselors Student Blogs Request Information Research Research abounds at Hope.,2026-10-04T22:27:12.219302Z,ok,skipped_role_addresses: admissions@hope.edu,on_unit_page
Hope College,T2-midwest,opened,https://hope.edu/academics/pre-health/,baker@hope.edu,gter Center for Calling and Career Health Professions Advisor Work 616.395.7950 baker@hope.edu DeWitt Student Cultural Center Suite 136 141 East 12th Street Hol,https://hope.edu/offices/center-diversity-inclusion/,Costs & Financial Aid Student Achievements Scholarships Majors and Programs Apply Visit High School Counselors Student Blogs Request Information Research Research abounds at Hope.,2026-10-04T22:27:12.219302Z,ok,skipped_role_addresses: admissions@hope.edu,on_unit_page
Hope College,T2-midwest,opened,https://hope.edu/academics/pre-health/,klaasenc80@hope.edu,gter Center for Calling and Career Health Professions Advisor Work 616.395.7950 klaasenc80@hope.edu DeWitt Student Cultural Center Suite 136 141 East 12th Stree,https://hope.edu/offices/center-diversity-inclusion/,Costs & Financial Aid Student Achievements Scholarships Majors and Programs Apply Visit High School Counselors Student Blogs Request Information Research Research abounds at Hope.,2026-10-04T22:27:12.219302Z,ok,skipped_role_addresses: admissions@hope.edu,on_unit_page
Hope College,T2-midwest,opened,https://hope.edu/academics/pre-health/,prehealth@hope.edu,Current Hope students: Contact the Health Professions Advisor,https://hope.edu/offices/center-diversity-inclusion/,Costs & Financial Aid Student Achievements Scholarships Majors and Programs Apply Visit High School Counselors Student Blogs Request Information Research Research abounds at Hope.,2026-10-04T22:27:12.219302Z,ok,skipped_role_addresses: admissions@hope.edu,on_unit_page
Hope College,T2-midwest,opened,https://hope.edu/academics/pre-health/,web@hope.edu,Website Feedback,https://hope.edu/offices/center-diversity-inclusion/,Costs & Financial Aid Student Achievements Scholarships Majors and Programs Apply Visit High School Counselors Student Blogs Request Information Research Research abounds at Hope.,2026-10-04T22:27:12.219302Z,ok,skipped_role_addresses: admissions@hope.edu,on_unit_page
Hope College,T2-midwest,opened,https://hope.edu/admissions/why-hope/majors-programs.html,web@hope.edu,Website Feedback,https://hope.edu/offices/center-diversity-inclusion/,Costs & Financial Aid Student Achievements Scholarships Majors and Programs Apply Visit High School Counselors Student Blogs Request Information Research Research abounds at Hope.,2026-10-04T22:27:12.219302Z,ok,skipped_role_addresses: admissions@hope.edu,on_unit_page
Hope College,T2-midwest,opened,https://hope.edu/offices/sponsored-research-programs/index.html,sponsoredresearch@hope.edu,"an Center 100 East 8th Street Suite 267 Holland , MI 49423 work P. 616.395.7316 sponsoredresearch@hope.edu",https://hope.edu/offices/center-diversity-inclusion/,Costs & Financial Aid Student Achievements Scholarships Majors and Programs Apply Visit High School Counselors Student Blogs Request Information Research Research abounds at Hope.,2026-10-04T22:27:12.219302Z,ok,skipped_role_addresses: admissions@hope.edu,on_unit_page
Hope College,T2-midwest,opened,https://hope.edu/offices/sponsored-research-programs/index.html,web@hope.edu,Website Feedback,https://hope.edu/offices/center-diversity-inclusion/,Costs & Financial Aid Student Achievements Scholarships Majors and Programs Apply Visit High School Counselors Student Blogs Request Information Research Research abounds at Hope.,2026-10-04T22:27:12.219302Z,ok,skipped_role_addresses: admissions@hope.edu,on_unit_page
Hope College,T2-midwest,opened,https://hope.edu/offices/events-conferences/tickets/index.html,web@hope.edu,Website Feedback,https://hope.edu/offices/center-diversity-inclusion/,Costs & Financial Aid Student Achievements Scholarships Majors and Programs Apply Visit High School Counselors Student Blogs Request Information Research Research abounds at Hope.,2026-10-04T22:27:12.219302Z,ok,skipped_role_addresses: admissions@hope.edu,on_unit_page
Wabash College,T2-midwest,opened,https://www.wabash.edu/aboutwabash/info,dalenbed@wabash.edu,David Dalenberg Director of Institutional Research 765-361-6288 dalenbed@wabash.edu,,,2026-10-04T22:29:49.817519Z,ok,skipped_role_addresses: webmaster@wabash.edu,other_page
Wabash College,T2-midwest,opened,https://www.wabash.edu/aboutwabash/info,jumpj@wabash.edu,Jon Jump Associate Dean of the College & Registrar 765-361-6206 jumpj@wabash.edu,,,2026-10-04T22:29:49.817519Z,ok,skipped_role_addresses: webmaster@wabash.edu,other_page
Butler University,T2-midwest,opened,https://www.butler.edu/diversity-equity-inclusion/black-affairs-hub/,bublackhub@butler.edu,bublackhub@butler.edu Alexis Newell Assistant Director adnewell@butler.edu,,,2026-10-04T22:30:02.938551Z,ok,,other_page
Butler University,T2-midwest,opened,https://www.butler.edu/diversity-equity-inclusion/black-affairs-hub/,adnewell@butler.edu,bublackhub@butler.edu Alexis Newell Assistant Director adnewell@butler.edu,,,2026-10-04T22:30:02.938551Z,ok,,other_page
Butler University,T2-midwest,opened,https://www.butler.edu/diversity-equity-inclusion/black-affairs-hub/,fwilliams@butler.edu,"Felicia Williams Lecturer, College of Education and Human Development fwilliams@butler.edu",,,2026-10-04T22:30:02.938551Z,ok,,other_page
Butler University,T2-midwest,opened,https://www.butler.edu/about-butler/maps-directions/,visits@butler.edu,Admission visitor parking is available in the Sunset Avenue Parking Garage or in front of Robertson Hall. GPS instructions are provided below. If you have any q,,,2026-10-04T22:30:02.938551Z,ok,,other_page
Butler University,T2-midwest,opened,https://www.butler.edu/about-butler/maps-directions/,visit@butler.edu,"king for Admission visits, please contact our Visit Experience Team by emailing visit@butler.edu or by calling 317-940-8121. Traveling to Robertson Hall Apple M",,,2026-10-04T22:30:02.938551Z,ok,,other_page
Kalamazoo College,T2-midwest,robots_disallowed,https://www.kzoo.edu,,,,,2026-10-04T22:30:19.274371Z,site_failed,robots_disallowed,
Saint Louis University,T2-midwest,opened,https://www.slu.edu/cross-cultural-center-for-global-citizenship/contact-cross-cultural-center.php,ccc@slu.edu,"bal Citizenship, Ste. 134 3672 West Pine Blvd. St. Louis, MO 63108 314-977-2119 ccc@slu.edu",,,2026-10-04T22:30:21.673945Z,ok,,on_unit_page
Saint Louis University,T2-midwest,opened,https://www.slu.edu/cross-cultural-center-for-global-citizenship/contact-cross-cultural-center.php,richard.marks@slu.edu,"Director, Cross Cultural Center for Global Citizenship 314-977-2567 richard.marks@slu.edu",,,2026-10-04T22:30:21.673945Z,ok,,on_unit_page
Saint Louis University,T2-midwest,opened,https://www.slu.edu/cross-cultural-center-for-global-citizenship/contact-cross-cultural-center.php,luella.loseille@slu.edu,"Assistant director, Cross Cultural Center for Global Citizenship 314-977-3576 luella.loseille@slu.edu",,,2026-10-04T22:30:21.673945Z,ok,,on_unit_page
Saint Louis University,T2-midwest,opened,https://www.slu.edu/academics/graduate/index.php,graduateeducation@slu.edu,"Office of Graduate Education DuBourg Hall, Rm 450 graduateeducation@slu.edu 314-977-2601",,,2026-10-04T22:30:21.673945Z,ok,,other_page
Trinity College,T2-northeast,robots_disallowed,https://www.trincoll.edu/,,,,,2026-10-04T22:30:36.544922Z,site_failed,robots_disallowed,
Vassar College,T2-northeast,opened,https://www.vassar.edu/,,,,,2026-10-04T22:30:38.836651Z,no_email_found,no_email_found,
Bucknell University,T2-northeast,opened,https://www.bucknell.edu/,,"phone: 570-577-2000 | Instagram TikTok Get In Touch One Dent Drive Lewisburg , PA 17837 United States 570-577-2000 Feedback Helpful Links Faculty & Staff A-Z Directory Office A-Z Dir",,,2026-10-04T22:30:50.880011Z,phone_only,,
Fairfield University,T2-northeast,opened,https://www.fairfield.edu/,,"phone: (203) 254-4000 | vents Athletics Careers Get In Touch 1073 North Benson Road Fairfield, CT 06824 (203) 254-4000 Contact Us Locations Follow Us On Social Instagram TikTok Faceboo",,,2026-10-04T22:30:56.149357Z,phone_only,,
Skidmore College,T2-northeast,opened,https://www.skidmore.edu/admissions/aid/typesofaid.php,rjohnso1@skidmore.edu,Email Professor of Psychology Rebecca Johnson.,,,2026-10-04T22:31:12.307900Z,ok,skipped_role_addresses: admissions@skidmore.edu,other_page
Skidmore College,T2-northeast,opened,https://www.skidmore.edu/admissions/aid/typesofaid.php,finaid@skidmore.edu,contact the Office of Financial Aid,,,2026-10-04T22:31:12.307900Z,ok,skipped_role_addresses: admissions@skidmore.edu,other_page
Dickinson College,T2-northeast,opened,https://www.dickinson.edu/contact,reg@dickinson.edu,"Email: reg@dickinson.edu Phone: 717-245-1315 For transcripts, academic calendar information, class sched",,,2026-10-04T22:31:26.734486Z,ok,"directory_page_capped; skipped_role_addresses: admissions@dickinson.edu,admissions@dickinson.edu%20,webmaster@dickinson.edu",other_page
Dickinson College,T2-northeast,opened,https://www.dickinson.edu/contact,stuaccts@dickinson.edu,Email: stuaccts@dickinson.edu Phone: 717-245-1953 For questions about bills and payments.,,,2026-10-04T22:31:26.734486Z,ok,"directory_page_capped; skipped_role_addresses: admissions@dickinson.edu,admissions@dickinson.edu%20,webmaster@dickinson.edu",other_page
Dickinson College,T2-northeast,opened,https://www.dickinson.edu/contact,finaid@dickinson.edu,Email: finaid@dickinson.edu Phone: 717-245-1308 For information about loans and scholarships.,,,2026-10-04T22:31:26.734486Z,ok,"directory_page_capped; skipped_role_addresses: admissions@dickinson.edu,admissions@dickinson.edu%20,webmaster@dickinson.edu",other_page
Dickinson College,T2-northeast,opened,https://www.dickinson.edu/contact,reslife@dickinson.edu,"Email: reslife@dickinson.edu Phone: 717-245-1556 For questions regarding housing, roommates, size of rooms,",,,2026-10-04T22:31:26.734486Z,ok,"directory_page_capped; skipped_role_addresses: admissions@dickinson.edu,admissions@dickinson.edu%20,webmaster@dickinson.edu",other_page
Dickinson College,T2-northeast,opened,https://www.dickinson.edu/contact,ask@dickinson.libanswers.com,Email: ask@dickinson.libanswers.com Phone: 717-245-1397,,,2026-10-04T22:31:26.734486Z,ok,"directory_page_capped; skipped_role_addresses: admissions@dickinson.edu,admissions@dickinson.edu%20,webmaster@dickinson.edu",other_page
Dickinson College,T2-northeast,opened,https://www.dickinson.edu/contact,career@dickinson.edu,"Email: career@dickinson.edu Phone: 717-245-1740 For assistance with internships, job searches, career couns",,,2026-10-04T22:31:26.734486Z,ok,"directory_page_capped; skipped_role_addresses: admissions@dickinson.edu,admissions@dickinson.edu%20,webmaster@dickinson.edu",other_page
Dickinson College,T2-northeast,opened,https://www.dickinson.edu/contact,hrservices@dickinson.edu,"Email: hrservices@dickinson.edu Phone: 717-245-1503 For job openings, employment verification or other issues o",,,2026-10-04T22:31:26.734486Z,ok,"directory_page_capped; skipped_role_addresses: admissions@dickinson.edu,admissions@dickinson.edu%20,webmaster@dickinson.edu",other_page
Dickinson College,T2-northeast,opened,https://www.dickinson.edu/contact,alumni@dickinson.edu,"Email: alumni@dickinson.edu Phone: 717-245-1373 For alumni updating addresses, reaching classmates and reun",,,2026-10-04T22:31:26.734486Z,ok,"directory_page_capped; skipped_role_addresses: admissions@dickinson.edu,admissions@dickinson.edu%20,webmaster@dickinson.edu",other_page
Dickinson College,T2-northeast,opened,https://www.dickinson.edu/contact,archives@dickinson.edu,"Email: archives@dickinson.edu Phone: 717-245-1399 For questions regarding the college's history, lost ancesto",,,2026-10-04T22:31:26.734486Z,ok,"directory_page_capped; skipped_role_addresses: admissions@dickinson.edu,admissions@dickinson.edu%20,webmaster@dickinson.edu",other_page
Dickinson College,T2-northeast,opened,https://www.dickinson.edu/contact,dsonfund@dickinson.edu,Email: dsonfund@dickinson.edu Phone: 800-543-3809 To make a gift to the college or ask questions concerning a,,,2026-10-04T22:31:26.734486Z,ok,"directory_page_capped; skipped_role_addresses: admissions@dickinson.edu,admissions@dickinson.edu%20,webmaster@dickinson.edu",other_page
Providence College,T2-northeast,opened,https://www.providence.edu/,web@providence.edu,Web Accessibility Coordinator,,,2026-10-04T22:31:41.588377Z,ok,,other_page
Providence College,T2-northeast,opened,https://www.providence.edu/contact/,alumni@providence.edu,​​Email: alumni@providence.edu,,,2026-10-04T22:31:41.588377Z,ok,,other_page
Providence College,T2-northeast,opened,https://www.providence.edu/contact/,pcadmiss@providence.edu,Undergraduate Admission – pcadmiss@providence.edu – 401.865.2535,,,2026-10-04T22:31:41.588377Z,ok,,other_page
Providence College,T2-northeast,opened,https://www.providence.edu/contact/,helpdesk@providence.edu,ihelp.providence.edu – helpdesk@providence.edu – 401.865.4357,,,2026-10-04T22:31:41.588377Z,ok,,other_page
Providence College,T2-northeast,opened,https://www.providence.edu/contact/,web@providence.edu,Web Accessibility Coordinator,,,2026-10-04T22:31:41.588377Z,ok,,other_page
Stanford University,T2-west-southwest,opened,https://www.stanford.edu/,,,,,2026-10-04T22:31:46.357989Z,no_email_found,no_email_found,
Rice University,T2-west-southwest,opened,https://www.rice.edu/,,"phone: 713-348-0000 | uston, TX 77005-1827 | Mailing Address: P.O. Box 1892, Houston, TX 77251-1892 | 713-348-0000 | Privacy Policy | Campus Carry | Web Accessibility",,,2026-10-04T22:32:02.493846Z,phone_only,,
University of Puget Sound,T2-west-southwest,opened,https://www.pugetsound.edu/about-puget-sound-0/facts-rankings,accreditation@apta.org,"rth Fairfax Street, Alexandria, Virginia 22314; telephone: 703.706.3245; email: accreditation@apta.org ; website: http//www.capteonline.org . Accreditation qual",,,2026-10-04T22:32:13.196460Z,ok,,other_page
University of the Pacific,T2-west-southwest,opened,https://www.pacific.edu/law/jd-programs/deadlines-and-requirements,mcgeorge@pacific.edu,JD Admissions Phone: 916.739.7105 Fax: 916.739.7301 Email: mcgeorge@pacific.edu,https://www.pacific.edu/admission/graduate/online-programs,Request More Information Apply Now Master of Social Work Pacific’s MSW program prepares compassionate professionals to serve diverse communities and drive social change.,2026-10-04T22:32:29.126469Z,ok,,other_page
Pepperdine University,T2-west-southwest,opened,https://www.pepperdine.edu/,,"phone: 310.506.4000 | alth Science Pepperdine University 24255 Pacific Coast Highway Malibu, CA 90263 310.506.4000 Facebook Instagram Twitter LinkedIn Youtube Copyright © 2026 Pepper",,,2026-10-04T22:32:44.331856Z,phone_only,,
African American Firefighter Museum,T3-fire-service,opened,https://www.aaffmuseum.org/plan-your-visit/,aaffmuseumla@gmail.com,Email: aaffmuseumla@gmail.com,,,2026-10-04T22:32:58.789362Z,ok,,other_page
African American Firefighter Museum,T3-fire-service,opened,https://www.aaffmuseum.org/,aaffmuseumla@gmail.com,Email: aaffmuseumla@gmail.com,,,2026-10-04T22:32:58.789362Z,ok,,other_page
African American Firefighter Museum,T3-fire-service,opened,https://www.aaffmuseum.org/about/,aaffmuseumla@gmail.com,Email: aaffmuseumla@gmail.com,,,2026-10-04T22:32:58.789362Z,ok,,other_page
African American Firefighter Museum,T3-fire-service,opened,https://www.aaffmuseum.org/about/about/,aaffmuseumla@gmail.com,Email: aaffmuseumla@gmail.com,,,2026-10-04T22:32:58.789362Z,ok,,other_page
African American Firefighter Museum,T3-fire-service,opened,https://www.aaffmuseum.org/school-community-programs/,aaffmuseumla@gmail.com,Email: aaffmuseumla@gmail.com,,,2026-10-04T22:32:58.789362Z,ok,,other_page
African American Firefighter Museum,T3-fire-service,opened,https://www.aaffmuseum.org/events/category/events/,aaffmuseumla@gmail.com,Email: aaffmuseumla@gmail.com,,,2026-10-04T22:32:58.789362Z,ok,,other_page
African American Fire Fighters Historical Society,T3-fire-service,opened,https://aaffhs.org/,info@aaffhs.org,(410) 258-7546 info@aaffhs.org Facebook X Instagram,,,2026-10-04T22:33:26.151154Z,ok,,other_page
African American Fire Fighters Historical Society,T3-fire-service,opened,https://aaffhs.org/,gcollins@aaffhs.org,Become a Sponsor,,,2026-10-04T22:33:26.151154Z,ok,,other_page
African American Fire Fighters Historical Society,T3-fire-service,opened,https://aaffhs.org/about-us/,info@aaffhs.org,(410) 258-7546 info@aaffhs.org Facebook X Instagram,,,2026-10-04T22:33:26.151154Z,ok,,other_page
African American Fire Fighters Historical Society,T3-fire-service,opened,https://aaffhs.org/about-us/,gcollins@aaffhs.org,Become a Sponsor,,,2026-10-04T22:33:26.151154Z,ok,,other_page
African American Fire Fighters Historical Society,T3-fire-service,opened,https://aaffhs.org/news-and-events/,info@aaffhs.org,(410) 258-7546 info@aaffhs.org Facebook X Instagram,,,2026-10-04T22:33:26.151154Z,ok,,other_page
"Northern Nevada African American Firefighter Museum (Our Story, Inc.)",T3-fire-service,robots_disallowed,https://www.nnaafm.org/,,,,,2026-10-04T22:33:33.557163Z,site_failed,robots_disallowed,
Central Ohio Fire Museum & Learning Center,T3-fire-service,opened,https://www.centralohiofiremuseum.com/,,phone: 614-464-4004 | our DAILY TOUR schedule. Click here for our DAILY TOUR schedule. Contact us at 614-464-4004 to schedule group tours. Contact us at 614-464-4004 to schedule grou,,,2026-10-04T22:33:36.164454Z,phone_only,,
Fire Museum of Memphis,T3-fire-service,opened,https://firemuseum.com/,info@firemuseum.com,info@firemuseum.com (901) 636-5650,,,2026-10-04T22:33:51.937711Z,ok,,other_page
Fire Museum of Memphis,T3-fire-service,opened,https://firemuseum.com/contact/,info@firemuseum.com,info@firemuseum.com (901) 636-5650,,,2026-10-04T22:33:51.937711Z,ok,,other_page
Fire Museum of Memphis,T3-fire-service,opened,https://firemuseum.com/special-events/,info@firemuseum.com,info@firemuseum.com (901) 636-5650,,,2026-10-04T22:33:51.937711Z,ok,,other_page
Fire Museum of Memphis,T3-fire-service,opened,https://firemuseum.com/contact/,info@firemuseum.com,info@firemuseum.com (901) 636-5650,,,2026-10-04T22:33:51.937711Z,ok,,other_page
Fireman's Hall Museum,T3-fire-service,robots_disallowed,https://www.firemanshallmuseum.org/,,,,,2026-10-04T22:34:03.542756Z,site_failed,robots_disallowed,
Vulcan Pioneers of New Jersey,T3-fire-service,robots_disallowed,https://vulcanpioneersnj.org/,,,,,2026-10-04T22:34:05.932433Z,site_failed,robots_disallowed,
San Francisco Black Firefighters Association,T3-fire-service,opened,https://www.sfbfa.org/,,,,,2026-10-04T22:34:08.178325Z,no_email_found,no_email_found,
"Museum of Science, Boston",T4-science-invention,robots_disallowed,https://www.mos.org/,,,,,2026-10-04T22:34:15.858594Z,site_failed,robots_disallowed,
Griffin Museum of Science and Industry (Chicago),T4-science-invention,robots_disallowed,https://www.griffinmsi.org/,,,,,2026-10-04T22:34:18.289126Z,site_failed,robots_disallowed,
KID Museum (Bethesda),T4-science-invention,opened,https://kid-museum.org/,info@kid-museum.org,"3 Bethesda Metro Center Suite 140 Bethesda, MD 20814 info@kid-museum.org | 301-941-4905 NEWS | BLOG | CAREERS FAQS | POLICIES | LAND ACKNOWLEDGEMENT",https://kid-museum.org/programs/sunday-workshops/,"If program fees are a barrier, use this form to request free or reduced-cost participation.",2026-10-04T22:34:20.509134Z,ok,,other_page
KID Museum (Bethesda),T4-science-invention,opened,https://kid-museum.org/programs/sunday-workshops/,info@kid-museum.org,Questions? Contact us at info@kid-museum.org. CONTACT US,https://kid-museum.org/programs/sunday-workshops/,"If program fees are a barrier, use this form to request free or reduced-cost participation.",2026-10-04T22:34:20.509134Z,ok,,other_page
KID Museum (Bethesda),T4-science-invention,opened,https://kid-museum.org/family-programs/,info@kid-museum.org,Questions? Contact us at info@kid-museum.org. CONTACT US,https://kid-museum.org/programs/sunday-workshops/,"If program fees are a barrier, use this form to request free or reduced-cost participation.",2026-10-04T22:34:20.509134Z,ok,,other_page
KID Museum (Bethesda),T4-science-invention,opened,https://kid-museum.org/programs/invent-the-future/students/,inventthefuture@kid-museum.org,"ding). If you have questions or need guidance, we are here to help! Email us at inventthefuture@kid-museum.org .",https://kid-museum.org/programs/sunday-workshops/,"If program fees are a barrier, use this form to request free or reduced-cost participation.",2026-10-04T22:34:20.509134Z,ok,,other_page
KID Museum (Bethesda),T4-science-invention,opened,https://kid-museum.org/programs/invent-the-future/students/,info@kid-museum.org,"3 Bethesda Metro Center Suite 140 Bethesda, MD 20814 info@kid-museum.org | 301-941-4905 NEWS | BLOG | CAREERS FAQS | POLICIES | LAND ACKNOWLEDGEMENT",https://kid-museum.org/programs/sunday-workshops/,"If program fees are a barrier, use this form to request free or reduced-cost participation.",2026-10-04T22:34:20.509134Z,ok,,other_page
KID Museum (Bethesda),T4-science-invention,opened,https://kid-museum.org/teens/,info@kid-museum.org,"For more information, or to inquire about other opportunities, please email info@kid-museum.org with the subject line “Teens.”",https://kid-museum.org/programs/sunday-workshops/,"If program fees are a barrier, use this form to request free or reduced-cost participation.",2026-10-04T22:34:20.509134Z,ok,,other_page
KID Museum (Bethesda),T4-science-invention,opened,https://kid-museum.org/programs/after-school/,info@kid-museum.org,Questions? Contact us at info@kid-museum.org. CONTACT US See our Policies for more information about our programs.,https://kid-museum.org/programs/sunday-workshops/,"If program fees are a barrier, use this form to request free or reduced-cost participation.",2026-10-04T22:34:20.509134Z,ok,,other_page
Please Touch Museum (Philadelphia),T4-science-invention,opened,https://www.pleasetouchmuseum.org/,,,,,2026-10-04T22:34:39.757227Z,no_email_found,no_email_found,
National Inventors Hall of Fame / Invent.org,T4-science-invention,robots_disallowed,https://www.invent.org/,,,,,2026-10-04T22:34:45.189251Z,site_failed,robots_disallowed,
The Franklin Institute (Philadelphia),T4-science-invention,opened,https://fi.edu/en,guestservices@fi.edu,"from The Franklin Institute. Sign Up Top Contact us Call: 215.448.1200 Email : guestservices@fi.edu Main Entrance: 222 N 20th Street Philadelphia, PA 19103 On-S",,,2026-10-04T22:34:47.786039Z,ok,,other_page
The Franklin Institute (Philadelphia),T4-science-invention,opened,https://fi.edu/en/events-calendar,guestservices@fi.edu,"from The Franklin Institute. Sign Up Top Contact us Call: 215.448.1200 Email : guestservices@fi.edu Main Entrance: 222 N 20th Street Philadelphia, PA 19103 On-S",,,2026-10-04T22:34:47.786039Z,ok,,other_page
The Franklin Institute (Philadelphia),T4-science-invention,opened,https://fi.edu/en/science-and-education,guestservices@fi.edu,"from The Franklin Institute. Sign Up Top Contact us Call: 215.448.1200 Email : guestservices@fi.edu Main Entrance: 222 N 20th Street Philadelphia, PA 19103 On-S",,,2026-10-04T22:34:47.786039Z,ok,,other_page
The Franklin Institute (Philadelphia),T4-science-invention,opened,https://fi.edu/en/science-and-education/collection,guestservices@fi.edu,"from The Franklin Institute. Sign Up Top Contact us Call: 215.448.1200 Email : guestservices@fi.edu Main Entrance: 222 N 20th Street Philadelphia, PA 19103 On-S",,,2026-10-04T22:34:47.786039Z,ok,,other_page
The Franklin Institute (Philadelphia),T4-science-invention,opened,https://fi.edu/en/science-and-education/benjamin-franklin,guestservices@fi.edu,"from The Franklin Institute. Sign Up Top Contact us Call: 215.448.1200 Email : guestservices@fi.edu Main Entrance: 222 N 20th Street Philadelphia, PA 19103 On-S",,,2026-10-04T22:34:47.786039Z,ok,,other_page
The Franklin Institute (Philadelphia),T4-science-invention,opened,https://fi.edu/en/science-education/scientific-journals,guestservices@fi.edu,"from The Franklin Institute. Sign Up Top Contact us Call: 215.448.1200 Email : guestservices@fi.edu Main Entrance: 222 N 20th Street Philadelphia, PA 19103 On-S",,,2026-10-04T22:34:47.786039Z,ok,,other_page
University of Maryland Black Alumni (UMBA) Network,T5-alumni,robots_disallowed,https://alumni.umd.edu/events/marquee/black-alumni-weekend,,,,,2026-10-04T22:35:02.420508Z,site_failed,robots_disallowed,
Black Light Speaker Series (Loyola University Chicago),T5-alumni,opened,https://www.luc.edu/about/contactus.shtml,lurec@luc.edu,"t & Ecology Campus 2710 S. Country Club Road Woodstock, IL 60098 (815) 338-1032 lurec@luc.edu Retreat Campus",,,2026-10-04T22:35:04.890495Z,ok,directory_page_capped,other_page
Black Light Speaker Series (Loyola University Chicago),T5-alumni,opened,https://www.luc.edu/about/contactus.shtml,admission@luc.edu,Phone: (773) 508-3075 or (800) 262-2373 E-mail: admission@luc.edu Website: www.luc.edu/undergrad,,,2026-10-04T22:35:04.890495Z,ok,directory_page_capped,other_page
Black Light Speaker Series (Loyola University Chicago),T5-alumni,opened,https://www.luc.edu/about/contactus.shtml,summer-sessions@luc.edu,E-mail: summer-sessions@luc.edu Website: www.luc.edu/summer,,,2026-10-04T22:35:04.890495Z,ok,directory_page_capped,other_page
Black Light Speaker Series (Loyola University Chicago),T5-alumni,opened,https://www.luc.edu/about/contactus.shtml,lufinaid@luc.edu,Phone: (773) 508-7704 E-mail: lufinaid@luc.edu Website: www.luc.edu/finaid,,,2026-10-04T22:35:04.890495Z,ok,directory_page_capped,other_page
Black Light Speaker Series (Loyola University Chicago),T5-alumni,opened,https://www.luc.edu/about/contactus.shtml,%20luc-alum@luc.edu,Phone: (312) 915-7660 E-mail: luc-alum@luc.edu Website: www.luc.edu/alumni,,,2026-10-04T22:35:04.890495Z,ok,directory_page_capped,other_page
Black Light Speaker Series (Loyola University Chicago),T5-alumni,opened,https://www.luc.edu/about/contactus.shtml,education@luc.edu,Phone: (312) 915-6800 Fax: (312) 915-6660 E-mail: education@luc.edu Website: www.luc.edu/education,,,2026-10-04T22:35:04.890495Z,ok,directory_page_capped,other_page
Black Light Speaker Series (Loyola University Chicago),T5-alumni,opened,https://www.luc.edu/about/contactus.shtml,LoyolaSOC@luc.edu,"higan Avenue Water Tower Campus Chicago, IL 60611 Phone: (312) 915-6548 E-mail: LoyolaSOC@luc.edu Website: https://www.luc.edu/soc/",,,2026-10-04T22:35:04.890495Z,ok,directory_page_capped,other_page
Black Light Speaker Series (Loyola University Chicago),T5-alumni,opened,https://www.luc.edu/about/contactus.shtml,scps@luc.edu,Phone: (312) 915-6501 E-mail: scps@luc.edu Website: https://www.luc.edu/scps/,,,2026-10-04T22:35:04.890495Z,ok,directory_page_capped,other_page
Black Light Speaker Series (Loyola University Chicago),T5-alumni,opened,https://www.luc.edu/about/contactus.shtml,SchoolofNursing@luc.edu,Phone: (773) 508-3249 Fax: (773) 508-3241 E-mail: SchoolofNursing@luc.edu Website: https://www.luc.edu/nursing/,,,2026-10-04T22:35:04.890495Z,ok,directory_page_capped,other_page
Black Light Speaker Series (Loyola University Chicago),T5-alumni,opened,https://www.luc.edu/about/contactus.shtml,shsph@luc.edu,Phone: ( 888) 584-7888 E-mail: shsph@luc.edu Website: https://www.luc.edu/parkinson/,,,2026-10-04T22:35:04.890495Z,ok,directory_page_capped,other_page
Black Light Speaker Series (Loyola University Chicago),T5-alumni,opened,https://www.luc.edu/alumni/aboutus/,luc-alum@luc.edu,"Monday to Friday, 8:30 a.m. - 5 p.m. Phone: 312.915.7660 or 800.5.LOYOLA Email: luc-alum@luc.edu",,,2026-10-04T22:35:04.890495Z,ok,,other_page
Black Light Speaker Series (Loyola University Chicago),T5-alumni,opened,https://www.luc.edu/alumni/aboutus/constituentengagementteam/,luc-alum@luc.edu,800.5.LOYOLA E-mail: luc-alum@luc.edu,,,2026-10-04T22:35:04.890495Z,ok,,other_page
Black Light Speaker Series (Loyola University Chicago),T5-alumni,opened,https://www.luc.edu/alumni/aboutus/loyolauniversitychicagoalumniassociation/,LUC-ALUM@luc.edu,Interested in learning more about the alumni association board? Email LUC-ALUM@luc.edu for more info!,,,2026-10-04T22:35:04.890495Z,ok,,other_page
Georgetown Black Alumni Council / Black Alumni Summit,T5-alumni,opened,https://bas.georgetown.edu/,blackalumnicouncil@georgetown.edu,"roduct offering, or if you have any other sponsorship questions, please contact blackalumnicouncil@georgetown.edu .",,,2026-10-04T22:35:20.177882Z,ok,,other_page
Georgetown Black Alumni Council / Black Alumni Summit,T5-alumni,opened,https://bas.georgetown.edu/,gublackalumnisummit@gmail.com,gublackalumnisummit@gmail.com,,,2026-10-04T22:35:20.177882Z,ok,,other_page
Winthrop University Black Alumni Council,T5-alumni,opened,https://www.winthrop.edu/news-events/2026-winthrop-black-history-month-events.aspx,,,,,2026-10-04T22:35:22.939383Z,no_email_found,no_email_found,
Mississippi State University Black Alumni Weekend,T5-alumni,opened,https://www.alumni.msstate.edu/black-alumni-weekend-2026,info@alumni.msstate.edu,Contact Us (662) 325-7000,,,2026-10-04T22:35:40.011022Z,ok,,other_page
Mississippi State University Black Alumni Weekend,T5-alumni,opened,https://www.alumni.msstate.edu/black-alumni-weekend-2026,servicedesk@msstate.edu,"Technical problems, contact the Service Desk .",,,2026-10-04T22:35:40.011022Z,ok,,other_page
Mississippi State University Black Alumni Weekend,T5-alumni,opened,https://www.alumni.msstate.edu/events,info@alumni.msstate.edu,Contact Us (662) 325-7000,,,2026-10-04T22:35:40.011022Z,ok,,other_page
Mississippi State University Black Alumni Weekend,T5-alumni,opened,https://www.alumni.msstate.edu/events,servicedesk@msstate.edu,"Technical problems, contact the Service Desk .",,,2026-10-04T22:35:40.011022Z,ok,,other_page
Mississippi State University Black Alumni Weekend,T5-alumni,opened,https://www.alumni.msstate.edu/road-dawgs-pregame-events,mrichardson@alumni.msstate.edu,"For more information, contact Michael Richardson at mrichardson@alumni.msstate.edu or 662-312-0089.",,,2026-10-04T22:35:40.011022Z,ok,,on_unit_page
Mississippi State University Black Alumni Weekend,T5-alumni,opened,https://www.alumni.msstate.edu/road-dawgs-pregame-events,info@alumni.msstate.edu,Contact Us (662) 325-7000,,,2026-10-04T22:35:40.011022Z,ok,,on_unit_page
Mississippi State University Black Alumni Weekend,T5-alumni,opened,https://www.alumni.msstate.edu/road-dawgs-pregame-events,servicedesk@msstate.edu,"Technical problems, contact the Service Desk .",,,2026-10-04T22:35:40.011022Z,ok,,on_unit_page
Mississippi State University Black Alumni Weekend,T5-alumni,opened,https://www.alumni.msstate.edu/student-programs,info@alumni.msstate.edu,Contact Us (662) 325-7000,,,2026-10-04T22:35:40.011022Z,ok,,on_unit_page
Mississippi State University Black Alumni Weekend,T5-alumni,opened,https://www.alumni.msstate.edu/student-programs,servicedesk@msstate.edu,"Technical problems, contact the Service Desk .",,,2026-10-04T22:35:40.011022Z,ok,,on_unit_page
Cal State LA Black Alumni Network,T5-alumni,robots_disallowed,https://www.calstatela.edu/alumni/black-alumni-network,,,,,2026-10-04T22:35:51.561131Z,site_failed,robots_disallowed,
Penn State Black Alumni Reunion,T5-alumni,opened,https://alumni.psu.edu/upcoming-events/bar/,psublackalumnireunion@gmail.com,"u have questions about registration or the weekend's activities, please contact psublackalumnireunion@gmail.com .",,,2026-10-04T22:35:53.904191Z,ok,,on_unit_page
WashU Black Alumni Weekend,T5-alumni,opened,https://alumni.washu.edu/reunite/black-alumni-weekend/,alumninetworks@wustl.edu,"Please email us to let us know if you have any accessibility needs, and a staff member will follow up.",,,2026-10-04T22:36:16.005030Z,ok,,other_page
WashU Black Alumni Weekend,T5-alumni,opened,https://alumni.washu.edu/reunite/black-alumni-weekend/,alumni@wustl.edu,866-988-7477 | alumni@wustl.edu,,,2026-10-04T22:36:16.005030Z,ok,,other_page
WashU Black Alumni Weekend,T5-alumni,opened,https://alumni.washu.edu/events/,alumni@wustl.edu,866-988-7477 | alumni@wustl.edu,,,2026-10-04T22:36:16.005030Z,ok,,other_page
WashU Black Alumni Weekend,T5-alumni,opened,https://alumni.washu.edu/about/,alumni@wustl.edu,866-988-7477 alumni@wustl.edu,,,2026-10-04T22:36:16.005030Z,ok,,other_page
WashU Black Alumni Weekend,T5-alumni,opened,https://alumni.washu.edu/contact/,alumniassociation@wustl.edu,Alumni & Constituent Engagement 866-988-7477 alumni@wustl.edu,,,2026-10-04T22:36:16.005030Z,ok,,other_page
WashU Black Alumni Weekend,T5-alumni,opened,https://alumni.washu.edu/contact/,alumni.travel@wustl.edu,866-WU-TRIPS alumni.travel@wustl.edu,,,2026-10-04T22:36:16.005030Z,ok,,other_page
WashU Black Alumni Weekend,T5-alumni,opened,https://alumni.washu.edu/contact/,collegefairs@wustl.edu,800-935-4826 collegefairs@wustl.edu,,,2026-10-04T22:36:16.005030Z,ok,,other_page
WashU Black Alumni Weekend,T5-alumni,opened,https://alumni.washu.edu/contact/,parentadvancement@wustl.edu,314-935-3667 parentadvancement@wustl.edu,,,2026-10-04T22:36:16.005030Z,ok,,other_page
WashU Black Alumni Weekend,T5-alumni,opened,https://alumni.washu.edu/contact/,alumninetworks@wustl.edu,alumninetworks@wustl.edu,,,2026-10-04T22:36:16.005030Z,ok,,other_page
WashU Black Alumni Weekend,T5-alumni,opened,https://alumni.washu.edu/contact/,alumnireunions@wustl.edu,800-867-2586 alumnireunions@wustl.edu,,,2026-10-04T22:36:16.005030Z,ok,,other_page
WashU Black Alumni Weekend,T5-alumni,opened,https://alumni.washu.edu/contact/,alumni@wustl.edu,866-988-7477 | alumni@wustl.edu,,,2026-10-04T22:36:16.005030Z,ok,,other_page
Harvard Kennedy School Black Alumni Association (HKS BAA),T5-alumni,opened,https://hksbaa.org/,hksblackalumni@gmail.com,Home About Leadership Events Galleries Spotlight Reunion Contact Open Menu Close Menu,,,2026-10-04T22:36:27.857478Z,ok,,other_page
Harvard Kennedy School Black Alumni Association (HKS BAA),T5-alumni,opened,https://hksbaa.org/about,hksblackalumni@gmail.com,Home About Leadership Events Galleries Spotlight Reunion Contact Open Menu Close Menu,,,2026-10-04T22:36:27.857478Z,ok,,other_page
Harvard Kennedy School Black Alumni Association (HKS BAA),T5-alumni,opened,https://hksbaa.org/events,hksblackalumni@gmail.com,Home About Leadership Events Galleries Spotlight Reunion Contact Open Menu Close Menu,,,2026-10-04T22:36:27.857478Z,ok,,other_page
Harvard Kennedy School Black Alumni Association (HKS BAA),T5-alumni,opened,https://hksbaa.org/events,jkorn@post.harvard.edu,"suggestions for topics for future Harvard Diversity Discussions, please contact jkorn@post.harvard.edu .",,,2026-10-04T22:36:27.857478Z,ok,,other_page
Harvard Kennedy School Black Alumni Association (HKS BAA),T5-alumni,opened,https://hksbaa.org/events,92363824382.397597@zoomcrc.com,"0,,92363824382# US Join by SIP conference room system Meeting ID: 923 6382 4382 92363824382.397597@zoomcrc.com",,,2026-10-04T22:36:27.857478Z,ok,,other_page
Harvard Kennedy School Black Alumni Association (HKS BAA),T5-alumni,opened,https://hksbaa.org/contact-3,hksblackalumni@gmail.com,Home About Leadership Events Galleries Spotlight Reunion Contact Open Menu Close Menu,,,2026-10-04T22:36:27.857478Z,ok,,other_page
Stanford National Black Alumni Association (SNBAA),T5-alumni,opened,https://www.stanfordblackalumni.org/,,,,,2026-10-04T22:36:38.539416Z,no_email_found,no_email_found,
Rutgers African-American Alumni Alliance,T5-alumni,opened,https://rutgersfoundation.org/news/alumni-events/black-alumni-collective-conference-rutgers-groundbreaking-event,sam.starnes@rutgersfoundation.org,Media Contact Sam Starnes GSN’04 sam.starnes@rutgersfoundation.org,,,2026-10-04T22:36:52.818811Z,ok,,other_page
Rutgers African-American Alumni Alliance,T5-alumni,opened,https://rutgersfoundation.org/news/alumni-events/black-alumni-collective-conference-rutgers-groundbreaking-event,rufoundation@rutgersfoundation.org,"Foundation 335 George Street, Suite 4000 New Brunswick, NJ 08901 (848) 932-7777 rufoundation@rutgersfoundation.org Tax ID (EIN) Number: 23-7318742",,,2026-10-04T22:36:52.818811Z,ok,,other_page
Rutgers African-American Alumni Alliance,T5-alumni,opened,https://rutgersfoundation.org/news/alumni-events/black-alumni-collective-conference-rutgers-groundbreaking-event,accessibility@rutgers.edu,"nts, or complaints concerning any accessibility issues with Rutgers websites to accessibility@rutgers.edu or complete the Report Accessibility Barrier / Provide",,,2026-10-04T22:36:52.818811Z,ok,,other_page
Rutgers African-American Alumni Alliance,T5-alumni,opened,https://rutgersfoundation.org/about,rufoundation@rutgersfoundation.org,"Foundation 335 George Street, Suite 4000 New Brunswick, NJ 08901 (848) 932-7777 rufoundation@rutgersfoundation.org Tax ID (EIN) Number: 23-7318742",,,2026-10-04T22:36:52.818811Z,ok,,other_page
Rutgers African-American Alumni Alliance,T5-alumni,opened,https://rutgersfoundation.org/about,accessibility@rutgers.edu,"nts, or complaints concerning any accessibility issues with Rutgers websites to accessibility@rutgers.edu or complete the Report Accessibility Barrier / Provide",,,2026-10-04T22:36:52.818811Z,ok,,other_page
Rutgers African-American Alumni Alliance,T5-alumni,opened,https://rutgersfoundation.org/about,rufoundation@rutgersfoundation.org,"Foundation 335 George Street, Suite 4000 New Brunswick, NJ 08901 (848) 932-7777 rufoundation@rutgersfoundation.org Tax ID (EIN) Number: 23-7318742",,,2026-10-04T22:36:52.818811Z,ok,,other_page
Rutgers African-American Alumni Alliance,T5-alumni,opened,https://rutgersfoundation.org/about,accessibility@rutgers.edu,"nts, or complaints concerning any accessibility issues with Rutgers websites to accessibility@rutgers.edu or complete the Report Accessibility Barrier / Provide",,,2026-10-04T22:36:52.818811Z,ok,,other_page
Rutgers African-American Alumni Alliance,T5-alumni,opened,https://rutgersfoundation.org/about/leadership,rufoundation@rutgersfoundation.org,"eral inquiries, please contact Rutgers University Foundation at 848-932-7777 or rufoundation@rutgersfoundation.org",,,2026-10-04T22:36:52.818811Z,ok,directory_page_capped,other_page
Rutgers African-American Alumni Alliance,T5-alumni,opened,https://rutgersfoundation.org/about/leadership,president@rutgersfoundation.org,Email : president@rutgersfoundation.org,,,2026-10-04T22:36:52.818811Z,ok,directory_page_capped,other_page
Rutgers African-American Alumni Alliance,T5-alumni,opened,https://rutgersfoundation.org/about/leadership,marco.battaglia@rutgersfoundation.org,Email marco.battaglia@rutgersfoundation.org,,,2026-10-04T22:36:52.818811Z,ok,directory_page_capped,other_page
Rutgers African-American Alumni Alliance,T5-alumni,opened,https://rutgersfoundation.org/about/leadership,lavinia.boxill@rutgersfoundation.org,Email lavinia.boxill@rutgersfoundation.org,,,2026-10-04T22:36:52.818811Z,ok,directory_page_capped,other_page
Rutgers African-American Alumni Alliance,T5-alumni,opened,https://rutgersfoundation.org/about/leadership,beth.brody@rutgersfoundation.org,Email beth.brody@rutgersfoundation.org,,,2026-10-04T22:36:52.818811Z,ok,directory_page_capped,other_page
Rutgers African-American Alumni Alliance,T5-alumni,opened,https://rutgersfoundation.org/about/leadership,peter.lamothe@rutgersfoundation.org,Email peter.lamothe@rutgersfoundation.org,,,2026-10-04T22:36:52.818811Z,ok,directory_page_capped,other_page
Rutgers African-American Alumni Alliance,T5-alumni,opened,https://rutgersfoundation.org/about/leadership,maggie.long@rutgersfoundation.org,Email maggie.long@rutgersfoundation.org,,,2026-10-04T22:36:52.818811Z,ok,directory_page_capped,other_page
Rutgers African-American Alumni Alliance,T5-alumni,opened,https://rutgersfoundation.org/about/leadership,varsha.nakum@rutgersfoundation.org,Email: varsha.nakum@rutgersfoundation.org,,,2026-10-04T22:36:52.818811Z,ok,directory_page_capped,other_page
Rutgers African-American Alumni Alliance,T5-alumni,opened,https://rutgersfoundation.org/about/leadership,robin.semple@rutgersfoundation.org,Email robin.semple@rutgersfoundation.org,,,2026-10-04T22:36:52.818811Z,ok,directory_page_capped,other_page
Rutgers African-American Alumni Alliance,T5-alumni,opened,https://rutgersfoundation.org/about/leadership,lee.taggart@rutgersfoundation.org,Email: lee.taggart@rutgersfoundation.org,,,2026-10-04T22:36:52.818811Z,ok,directory_page_capped,other_page
Rutgers African-American Alumni Alliance,T5-alumni,opened,https://rutgersfoundation.org/about-us/ruf-board-of-directors,boardofdirectors@rutgersfoundation.org,"For inquiries related to the Foundation Board of Directors, please contact boardofdirectors@rutgersfoundation.org .",,,2026-10-04T22:36:52.818811Z,ok,,other_page
Rutgers African-American Alumni Alliance,T5-alumni,opened,https://rutgersfoundation.org/about-us/ruf-board-of-directors,rufoundation@rutgersfoundation.org,"Foundation 335 George Street, Suite 4000 New Brunswick, NJ 08901 (848) 932-7777 rufoundation@rutgersfoundation.org Tax ID (EIN) Number: 23-7318742",,,2026-10-04T22:36:52.818811Z,ok,,other_page
Rutgers African-American Alumni Alliance,T5-alumni,opened,https://rutgersfoundation.org/about-us/ruf-board-of-directors,accessibility@rutgers.edu,"nts, or complaints concerning any accessibility issues with Rutgers websites to accessibility@rutgers.edu or complete the Report Accessibility Barrier / Provide",,,2026-10-04T22:36:52.818811Z,ok,,other_page
Rutgers African-American Alumni Alliance,T5-alumni,opened,https://rutgersfoundation.org/about-us/ruaa-board-of-directors,RUAABoard@rutgersfoundation.org,"For inquires related to the RUAA Board of Directors, please contact RUAABoard@rutgersfoundation.org .",,,2026-10-04T22:36:52.818811Z,ok,,other_page
Rutgers African-American Alumni Alliance,T5-alumni,opened,https://rutgersfoundation.org/about-us/ruaa-board-of-directors,rufoundation@rutgersfoundation.org,"Foundation 335 George Street, Suite 4000 New Brunswick, NJ 08901 (848) 932-7777 rufoundation@rutgersfoundation.org Tax ID (EIN) Number: 23-7318742",,,2026-10-04T22:36:52.818811Z,ok,,other_page
Rutgers African-American Alumni Alliance,T5-alumni,opened,https://rutgersfoundation.org/about-us/ruaa-board-of-directors,accessibility@rutgers.edu,"nts, or complaints concerning any accessibility issues with Rutgers websites to accessibility@rutgers.edu or complete the Report Accessibility Barrier / Provide",,,2026-10-04T22:36:52.818811Z,ok,,other_page
UCLA Institute for Research on Labor and Employment (IRLE),T6-labor,opened,https://irle.ucla.edu/,,,,,2026-10-04T22:37:08.839151Z,no_email_found,no_email_found,
Cornell University,T6-labor,opened,https://www.ilr.cornell.edu/programs/undergraduate-admissions/apply-ilr,ilradmissions@cornell.edu,Current Cornell students who are considering a transfer to ILR should email ilradmissions@cornell.edu to schedule a meeting with an admissions counselor. Review,,,2026-10-04T22:37:34.552141Z,ok,,other_page
Cornell University,T6-labor,opened,https://www.ilr.cornell.edu/programs/professional-education,ILRCustomerService@cornell.edu,Find the information you need to take our professional education courses. You can also email ILR Customer Service or call 866-470-1922.,,,2026-10-04T22:37:34.552141Z,ok,,other_page
Cornell University,T6-labor,opened,https://www.ilr.cornell.edu/worker-institute/about-worker-institute,rll5@cornell.edu,View full profile rll5@cornell.edu More about ... Icon,,,2026-10-04T22:37:34.552141Z,ok,directory_page_capped,other_page
Cornell University,T6-labor,opened,https://www.ilr.cornell.edu/worker-institute/about-worker-institute,kmm493@cornell.edu,kmm493@cornell.edu More about ... Icon,,,2026-10-04T22:37:34.552141Z,ok,directory_page_capped,other_page
Cornell University,T6-labor,opened,https://www.ilr.cornell.edu/worker-institute/about-worker-institute,aya39@cornell.edu,aya39@cornell.edu More about ... Icon,,,2026-10-04T22:37:34.552141Z,ok,directory_page_capped,other_page
Cornell University,T6-labor,opened,https://www.ilr.cornell.edu/worker-institute/about-worker-institute,mja295@cornell.edu,mja295@cornell.edu More about ... Icon,,,2026-10-04T22:37:34.552141Z,ok,directory_page_capped,other_page
Cornell University,T6-labor,opened,https://www.ilr.cornell.edu/worker-institute/about-worker-institute,ab2532@cornell.edu,ab2532@cornell.edu More about ... Icon,,,2026-10-04T22:37:34.552141Z,ok,directory_page_capped,other_page
Cornell University,T6-labor,opened,https://www.ilr.cornell.edu/worker-institute/about-worker-institute,mkg74@cornell.edu,mkg74@cornell.edu More about ... Icon,,,2026-10-04T22:37:34.552141Z,ok,directory_page_capped,other_page
Cornell University,T6-labor,opened,https://www.ilr.cornell.edu/worker-institute/about-worker-institute,jmg30@cornell.edu,jmg30@cornell.edu (212) 340-2825 More about ... Icon,,,2026-10-04T22:37:34.552141Z,ok,directory_page_capped,other_page
Cornell University,T6-labor,opened,https://www.ilr.cornell.edu/worker-institute/about-worker-institute,ek583@cornell.edu,ek583@cornell.edu More about ... Icon,,,2026-10-04T22:37:34.552141Z,ok,directory_page_capped,other_page
Cornell University,T6-labor,opened,https://www.ilr.cornell.edu/worker-institute/about-worker-institute,mgl88@cornell.edu,mgl88@cornell.edu More about ... Icon,,,2026-10-04T22:37:34.552141Z,ok,directory_page_capped,other_page
Cornell University,T6-labor,opened,https://www.ilr.cornell.edu/worker-institute/about-worker-institute,ll983@cornell.edu,ll983@cornell.edu More about ... Icon,,,2026-10-04T22:37:34.552141Z,ok,directory_page_capped,other_page
"Rutgers, The State University of New Jersey",T6-labor,opened,https://smlr.rutgers.edu/about-smlr/contact-us,stien@smlr.rutgers.edu,Grace Tien stien@smlr.rutgers.edu 848-445-9434,https://smlr.rutgers.edu/about-smlr/contact-us,Request More Information Undergraduate Programs B.A.,2026-10-04T22:37:51.254744Z,ok,directory_page_capped,other_page
"Rutgers, The State University of New Jersey",T6-labor,opened,https://smlr.rutgers.edu/about-smlr/contact-us,montuoro@smlr.rutgers.edu,Joy Montuoro montuoro@smlr.rutgers.edu 848-445-4645,https://smlr.rutgers.edu/about-smlr/contact-us,Request More Information Undergraduate Programs B.A.,2026-10-04T22:37:51.254744Z,ok,directory_page_capped,other_page
"Rutgers, The State University of New Jersey",T6-labor,opened,https://smlr.rutgers.edu/about-smlr/contact-us,anujab@smlr.rutgers.edu,Anuja Rivera anujab@smlr.rutgers.edu 848-932-1749,https://smlr.rutgers.edu/about-smlr/contact-us,Request More Information Undergraduate Programs B.A.,2026-10-04T22:37:51.254744Z,ok,directory_page_capped,other_page
"Rutgers, The State University of New Jersey",T6-labor,opened,https://smlr.rutgers.edu/about-smlr/contact-us,william.bailey@rutgers.edu,Bill Bailey william.bailey@rutgers.edu 848-932-8559,https://smlr.rutgers.edu/about-smlr/contact-us,Request More Information Undergraduate Programs B.A.,2026-10-04T22:37:51.254744Z,ok,directory_page_capped,other_page
"Rutgers, The State University of New Jersey",T6-labor,opened,https://smlr.rutgers.edu/about-smlr/contact-us,tinkham@smlr.rutgers.edu,Rebecca Tinkham tinkham@smlr.rutgers.edu 848-445-5969,https://smlr.rutgers.edu/about-smlr/contact-us,Request More Information Undergraduate Programs B.A.,2026-10-04T22:37:51.254744Z,ok,directory_page_capped,other_page
"Rutgers, The State University of New Jersey",T6-labor,opened,https://smlr.rutgers.edu/about-smlr/contact-us,allison.kushner@rutgers.edu,Allison Kushner allison.kushner@rutgers.edu 848-445-9436,https://smlr.rutgers.edu/about-smlr/contact-us,Request More Information Undergraduate Programs B.A.,2026-10-04T22:37:51.254744Z,ok,directory_page_capped,other_page
"Rutgers, The State University of New Jersey",T6-labor,opened,https://smlr.rutgers.edu/about-smlr/contact-us,amf322@smlr.rutgers.edu​,Ann Marie Fiorella-Mullen amf322@smlr.rutgers.edu​ 848-932-5582,https://smlr.rutgers.edu/about-smlr/contact-us,Request More Information Undergraduate Programs B.A.,2026-10-04T22:37:51.254744Z,ok,directory_page_capped,other_page
"Rutgers, The State University of New Jersey",T6-labor,opened,https://smlr.rutgers.edu/about-smlr/contact-us,dvroom@smlr.rutgers.edu,Danielle Vroom dvroom@smlr.rutgers.edu 848-445-6279,https://smlr.rutgers.edu/about-smlr/contact-us,Request More Information Undergraduate Programs B.A.,2026-10-04T22:37:51.254744Z,ok,directory_page_capped,other_page
"Rutgers, The State University of New Jersey",T6-labor,opened,https://smlr.rutgers.edu/about-smlr/contact-us,lgarrison@smlr.rutgers.edu,"ce, you should contact the Assistant Dean of Student Services, Len Garrison, at lgarrison@smlr.rutgers.edu .",https://smlr.rutgers.edu/about-smlr/contact-us,Request More Information Undergraduate Programs B.A.,2026-10-04T22:37:51.254744Z,ok,directory_page_capped,other_page
"Rutgers, The State University of New Jersey",T6-labor,opened,https://smlr.rutgers.edu/about-smlr/contact-us,danna.f.davis@rutgers.edu,Danna Felipe Davis danna.f.davis@rutgers.edu 848-445-9440,https://smlr.rutgers.edu/about-smlr/contact-us,Request More Information Undergraduate Programs B.A.,2026-10-04T22:37:51.254744Z,ok,directory_page_capped,other_page
"Rutgers, The State University of New Jersey",T6-labor,opened,https://smlr.rutgers.edu/,accessibility@rutgers.edu,"nts, or complaints concerning any accessibility issues with Rutgers websites to accessibility@rutgers.edu or complete the Report Accessibility Barrier / Provide",https://smlr.rutgers.edu/about-smlr/contact-us,Request More Information Undergraduate Programs B.A.,2026-10-04T22:37:51.254744Z,ok,,other_page
"Rutgers, The State University of New Jersey",T6-labor,opened,https://smlr.rutgers.edu/academic-programs/apply-smlr,pbvoos@work.rutgers.edu,"discuss what to do in another situation, please contact Professor Paula Voos at pbvoos@work.rutgers.edu .",https://smlr.rutgers.edu/about-smlr/contact-us,Request More Information Undergraduate Programs B.A.,2026-10-04T22:37:51.254744Z,ok,,other_page
"Rutgers, The State University of New Jersey",T6-labor,opened,https://smlr.rutgers.edu/academic-programs/apply-smlr,accessibility@rutgers.edu,"nts, or complaints concerning any accessibility issues with Rutgers websites to accessibility@rutgers.edu or complete the Report Accessibility Barrier / Provide",https://smlr.rutgers.edu/about-smlr/contact-us,Request More Information Undergraduate Programs B.A.,2026-10-04T22:37:51.254744Z,ok,,other_page
"Rutgers, The State University of New Jersey",T6-labor,opened,https://smlr.rutgers.edu/about-smlr/carey-library,jpeters@smlr.rutgers.edu,"Please contact Library Director Julie Peters at jpeters@smlr.rutgers.edu or 848-932-9608 for questions about research and information services, hours, i",https://smlr.rutgers.edu/about-smlr/contact-us,Request More Information Undergraduate Programs B.A.,2026-10-04T22:37:51.254744Z,ok,,other_page
"Rutgers, The State University of New Jersey",T6-labor,opened,https://smlr.rutgers.edu/about-smlr/carey-library,accessibility@rutgers.edu,"nts, or complaints concerning any accessibility issues with Rutgers websites to accessibility@rutgers.edu or complete the Report Accessibility Barrier / Provide",https://smlr.rutgers.edu/about-smlr/contact-us,Request More Information Undergraduate Programs B.A.,2026-10-04T22:37:51.254744Z,ok,,other_page
"Rutgers, The State University of New Jersey",T6-labor,opened,https://smlr.rutgers.edu/about-smlr/giving,accessibility@rutgers.edu,"nts, or complaints concerning any accessibility issues with Rutgers websites to accessibility@rutgers.edu or complete the Report Accessibility Barrier / Provide",https://smlr.rutgers.edu/about-smlr/contact-us,Request More Information Undergraduate Programs B.A.,2026-10-04T22:37:51.254744Z,ok,,other_page
"Rutgers, The State University of New Jersey",T6-labor,opened,https://smlr.rutgers.edu/academic-programs,accessibility@rutgers.edu,"nts, or complaints concerning any accessibility issues with Rutgers websites to accessibility@rutgers.edu or complete the Report Accessibility Barrier / Provide",https://smlr.rutgers.edu/about-smlr/contact-us,Request More Information Undergraduate Programs B.A.,2026-10-04T22:37:51.254744Z,ok,,other_page
Pittsburgh A. Philip Randolph Institute (Pittsburgh APRI),T6-labor,opened,https://www.pittsburghapri.org/contact,info@pittsburghapri.org,"ins, eligibility, your application, or chapter business. Start with the office. info@pittsburghapri.org 412-562-2432",,,2026-10-04T22:38:06.164539Z,ok,,other_page
Pittsburgh A. Philip Randolph Institute (Pittsburgh APRI),T6-labor,opened,https://www.pittsburghapri.org/contact,sparm@pghapri.org,"aking requests, and the Power of Partnerships Gala. Reach Sierra Parm directly. sparm@pghapri.org 412-733-5413",,,2026-10-04T22:38:06.164539Z,ok,,other_page
Pittsburgh A. Philip Randolph Institute (Pittsburgh APRI),T6-labor,opened,https://www.pittsburghapri.org/,info@pittsburghapri.org,"412-231-5000 info@pittsburghapri.org Pittsburgh, Pennsylvania",,,2026-10-04T22:38:06.164539Z,ok,,other_page
Pittsburgh A. Philip Randolph Institute (Pittsburgh APRI),T6-labor,opened,https://www.pittsburghapri.org/about-us,info@pittsburghapri.org,"412-231-5000 info@pittsburghapri.org Pittsburgh, Pennsylvania",,,2026-10-04T22:38:06.164539Z,ok,,other_page
Pittsburgh A. Philip Randolph Institute (Pittsburgh APRI),T6-labor,opened,https://www.pittsburghapri.org/events,info@pittsburghapri.org,"412-231-5000 info@pittsburghapri.org Pittsburgh, Pennsylvania",,,2026-10-04T22:38:06.164539Z,ok,,other_page
Pittsburgh A. Philip Randolph Institute (Pittsburgh APRI),T6-labor,opened,https://www.pittsburghapri.org/contact,info@pittsburghapri.org,"ins, eligibility, your application, or chapter business. Start with the office. info@pittsburghapri.org 412-562-2432",,,2026-10-04T22:38:06.164539Z,ok,,other_page
Pittsburgh A. Philip Randolph Institute (Pittsburgh APRI),T6-labor,opened,https://www.pittsburghapri.org/contact,sparm@pghapri.org,"aking requests, and the Power of Partnerships Gala. Reach Sierra Parm directly. sparm@pghapri.org 412-733-5413",,,2026-10-04T22:38:06.164539Z,ok,,other_page
Pittsburgh A. Philip Randolph Institute (Pittsburgh APRI),T6-labor,opened,https://www.pittsburghapri.org/breaking-the-chains-pre-apprenticeship,info@pittsburghapri.org,"412-231-5000 info@pittsburghapri.org Pittsburgh, Pennsylvania",,,2026-10-04T22:38:06.164539Z,ok,,other_page
The National A. Philip Randolph Pullman Porter Museum,T6-labor,robots_disallowed,https://www.thepullmanportersmuseum.org/,,,,,2026-10-04T22:38:21.520150Z,site_failed,robots_disallowed,
Fayette County Public Schools,T7-morgan-places,robots_disallowed,https://gmorgan.fcps.net/,,,,,2026-10-04T22:38:24.116959Z,site_failed,robots_disallowed,
NJCDC (New Jersey Community Development Corporation) / Paterson Public Schools,T7-morgan-places,opened,https://www.njcdc.org/send-message,,"phone: 973.413.1600 | t, Paterson, NJ 07501 Mailing Address PO Box 6976, Paterson, NJ 07509 Telephone 973.413.1600 Fax 973.413.1620 92¢ of Every Dollar Donated goes directly to our P",,,2026-10-04T22:38:26.463203Z,phone_only,,
Hopewell Museum,T7-morgan-places,robots_disallowed,https://www.hopewellmuseum.org/,,,,,2026-10-04T22:38:45.768817Z,site_failed,robots_disallowed,
Kentucky Historical Society,T7-morgan-places,opened,https://history.ky.gov/,,"phone: 1 (502) 564-1792 | tomorrow, invest in yesterday . JOIN TODAY. 100 W. Broadway, Frankfort, KY 40601 (502) 564-1792 Thomas D. Clark Center for Kentucky History 100 West Broadway, F",,,2026-10-04T22:38:48.146329Z,phone_only,,
Ohio History Connection,T7-morgan-places,robots_disallowed,https://remarkableohio.org/,,,,,2026-10-04T22:39:13.933763Z,site_failed,robots_disallowed,
Cuyahoga County Public Library,T7-morgan-places,robots_disallowed,https://www.cuyahogalibrary.org/,,,,,2026-10-04T22:39:16.732223Z,site_failed,robots_disallowed,
Eddie Mae Herron Center & Museum,T8-black-history-orgs,opened,https://www.herroncenter.org/,emhc2000@outlook.com,d by appointment on weekends. Feel free to contact us with any questions. Email emhc2000@outlook.com Phone (870) 892-4433 The Eddie Mae Herron Center & Museum 1,,,2026-10-04T22:39:18.951202Z,ok,,on_unit_page
Hayti Heritage Center (St. Joseph's Historic Foundation),T8-black-history-orgs,robots_disallowed,https://www.hayti.org/,,,,,2026-10-04T22:39:26.705011Z,site_failed,robots_disallowed,
Banneker-Douglass-Tubman Museum,T8-black-history-orgs,robots_disallowed,https://bdmuseum.maryland.gov/,,,,,2026-10-04T22:39:29.117357Z,site_failed,robots_disallowed,
AARCH Society (African American Resources Cultural and Heritage Society),T8-black-history-orgs,opened,https://aarchsociety.org/,aarchsociety@gmail.com,"Contact Information aarchsociety@gmail.com Our mailing address: AARCH Society PO Box 3903 Frederick, MD 21705",https://aarchsociety.org/programs-and-events/,"To request a speaker, please fill out our speaker request form .",2026-10-04T22:39:31.309054Z,ok,,on_unit_page
AARCH Society (African American Resources Cultural and Heritage Society),T8-black-history-orgs,opened,https://aarchsociety.org/programs-and-events/,aarchsociety@gmail.com,"Contact Information aarchsociety@gmail.com Our mailing address: AARCH Society PO Box 3903 Frederick, MD 21705",https://aarchsociety.org/programs-and-events/,"To request a speaker, please fill out our speaker request form .",2026-10-04T22:39:31.309054Z,ok,,other_page
AARCH Society (African American Resources Cultural and Heritage Society),T8-black-history-orgs,opened,https://aarchsociety.org/events/,aarchsociety@gmail.com,"Contact Information aarchsociety@gmail.com Our mailing address: AARCH Society PO Box 3903 Frederick, MD 21705",https://aarchsociety.org/programs-and-events/,"To request a speaker, please fill out our speaker request form .",2026-10-04T22:39:31.309054Z,ok,,other_page
AARCH Society (African American Resources Cultural and Heritage Society),T8-black-history-orgs,opened,https://aarchsociety.org/request-a-speaker-or-presentation/,aarchsociety@gmail.com,"Contact Information aarchsociety@gmail.com Our mailing address: AARCH Society PO Box 3903 Frederick, MD 21705",https://aarchsociety.org/programs-and-events/,"To request a speaker, please fill out our speaker request form .",2026-10-04T22:39:31.309054Z,ok,,other_page
African American Historical Society of Portsmouth,T8-black-history-orgs,opened,https://www.blackhistoryportsmouth.org/,admin@blackhistoryportsmouth.org,For further information contact: admin@blackhistoryportsmouth.org,,,2026-10-04T22:39:55.375374Z,ok,,other_page
African American Historical Society of Portsmouth,T8-black-history-orgs,opened,https://www.blackhistoryportsmouth.org/,kudoscej@yahoo.com,"President Charles E. Johnson, Jr. (757) 292-1045 kudoscej@yahoo.com",,,2026-10-04T22:39:55.375374Z,ok,,other_page
African American Historical Society of Portsmouth,T8-black-history-orgs,opened,https://www.blackhistoryportsmouth.org/,claudettewhite@hotmail.com,Vice President Claudette White (757) 617-1452 claudettewhite@hotmail.com,,,2026-10-04T22:39:55.375374Z,ok,,other_page
African American Historical Society of Portsmouth,T8-black-history-orgs,opened,https://www.blackhistoryportsmouth.org/,bernette@verizon.net,Assistant Treasurer Leon Whitehurst (757) 652-6776 bernette@verizon.net,,,2026-10-04T22:39:55.375374Z,ok,,other_page
African American Historical Society of Portsmouth,T8-black-history-orgs,opened,https://www.blackhistoryportsmouth.org/,hoganm@portsmouthva.com,Curator: Dr. Michael Hogan (757) 393-8591 hoganm@portsmouthva.com,,,2026-10-04T22:39:55.375374Z,ok,,other_page
African American Historical Society of Portsmouth,T8-black-history-orgs,opened,https://www.blackhistoryportsmouth.org/,ginapotts81@yahoo.com,e (757) 617-1452 claudettewhite@hotmail.com Treasurer Gina Potts (757) 718-3292 ginapotts81@yahoo.com Assistant Treasurer Leon Whitehurst (757) 652-6776 bernett,,,2026-10-04T22:39:55.375374Z,ok,,other_page
African American Historical Society of Portsmouth,T8-black-history-orgs,opened,https://www.blackhistoryportsmouth.org/,nezelephant@verizon.net,n Whitehurst (757) 652-6776 bernette@verizon.net Secretary Inez Looney Randolph nezelephant@verizon.net Public Information Officer (TBA) Portsmouth Colored Comm,,,2026-10-04T22:39:55.375374Z,ok,,other_page
African American Historical Society of Portsmouth,T8-black-history-orgs,opened,https://www.blackhistoryportsmouth.org/events.htm,mae.haywood@verizon.net,"ent, please contact Mae Breckenridge-Haywood (757) 487-9431 or mae.haywood@verizon.net .",,,2026-10-04T22:39:55.375374Z,ok,,other_page
African American Historical Society of Portsmouth,T8-black-history-orgs,opened,https://www.blackhistoryportsmouth.org/events.htm,cbwhitehurst@verizon.net,"nformation, contact Charles B. Whitehurst, Sr. (757) 399-0998 or cbwhitehurst@verizon.net",,,2026-10-04T22:39:55.375374Z,ok,,other_page
African American Historical Society of Portsmouth,T8-black-history-orgs,opened,https://www.blackhistoryportsmouth.org/events.htm,mayhaywood@msn.com,"information, contact Mae Breckenridge-Haywood (757) 487-9431 or mayhaywood@msn.com October 2004 Boy Scout Appreciation Banquet: The African American Historical",,,2026-10-04T22:39:55.375374Z,ok,,other_page
Jefferson School African American Heritage Center,T8-black-history-orgs,opened,https://jeffschoolheritagecenter.org/,info@jeffschoolheritagecenter.org,info@jeffschoolheritagecenter.org,,,2026-10-04T22:40:01.222947Z,ok,,on_unit_page
Jefferson School African American Heritage Center,T8-black-history-orgs,opened,https://jeffschoolheritagecenter.org/events/,info@jeffschoolheritagecenter.org,info@jeffschoolheritagecenter.org,,,2026-10-04T22:40:01.222947Z,ok,,other_page
Jefferson School African American Heritage Center,T8-black-history-orgs,opened,https://jeffschoolheritagecenter.org/about-us/,info@jeffschoolheritagecenter.org,info@jeffschoolheritagecenter.org,,,2026-10-04T22:40:01.222947Z,ok,,on_unit_page
Jefferson School African American Heritage Center,T8-black-history-orgs,opened,https://jeffschoolheritagecenter.org/about-us/visitor-information/,info@jeffschoolheritagecenter.org,info@jeffschoolheritagecenter.org,,,2026-10-04T22:40:01.222947Z,ok,,on_unit_page
Jefferson School African American Heritage Center,T8-black-history-orgs,opened,https://jeffschoolheritagecenter.org/about-us/visitor-information/,education@jeffschoolheritagecenter.org,oups must obtain a timed group ticket. For guided tour information please email education@jeffschoolheritagecenter.org. Before you visit download our free self-,,,2026-10-04T22:40:01.222947Z,ok,,on_unit_page
Jefferson School African American Heritage Center,T8-black-history-orgs,opened,https://jeffschoolheritagecenter.org/about-us/guided-tours/,info@jeffschoolheritagecenter.org,info@jeffschoolheritagecenter.org,,,2026-10-04T22:40:01.222947Z,ok,,other_page
Jefferson School African American Heritage Center,T8-black-history-orgs,opened,https://jeffschoolheritagecenter.org/about-us/guided-tours/,education@jeffschoolheritagecenter.org,each adult in the group. To arrange a tour contact our Curator of Education at education@jeffschoolheritagecenter.org. Individuals should reserve a time to visi,,,2026-10-04T22:40:01.222947Z,ok,,other_page
Jefferson School African American Heritage Center,T8-black-history-orgs,opened,https://jeffschoolheritagecenter.org/about-us/venue-rentals/,info@jeffschoolheritagecenter.org,info@jeffschoolheritagecenter.org,,,2026-10-04T22:40:01.222947Z,ok,,other_page
"Museum of African American History (MAAH), Boston & Nantucket",T8-black-history-orgs,robots_disallowed,https://maah.org/,,,,,2026-10-04T22:40:23.511666Z,site_failed,robots_disallowed,
North Carolina African American Heritage Commission,T8-black-history-orgs,opened,https://aahc.nc.gov/contact-us,ncaahc@dncr.nc.gov,"es 109 E. Jones St. 4632 Mail Service Center Raleigh, North Carolina 27699-4632 ncaahc@dncr.nc.gov",,,2026-10-04T22:40:25.899465Z,ok,,other_page
North Carolina African American Heritage Commission,T8-black-history-orgs,opened,https://aahc.nc.gov/,ncaahc@dncr.nc.gov,"es 109 E. Jones St. 4632 Mail Service Center Raleigh, North Carolina 27699-4632 ncaahc@dncr.nc.gov",,,2026-10-04T22:40:25.899465Z,ok,,other_page
North Carolina African American Heritage Commission,T8-black-history-orgs,opened,https://aahc.nc.gov/about-us,ncaahc@dncr.nc.gov,"es 109 E. Jones St. 4632 Mail Service Center Raleigh, North Carolina 27699-4632 ncaahc@dncr.nc.gov",,,2026-10-04T22:40:25.899465Z,ok,,other_page
North Carolina African American Heritage Commission,T8-black-history-orgs,opened,https://aahc.nc.gov/about-us/commissioners,ncaahc@dncr.nc.gov,"es 109 E. Jones St. 4632 Mail Service Center Raleigh, North Carolina 27699-4632 ncaahc@dncr.nc.gov",,,2026-10-04T22:40:25.899465Z,ok,,other_page
North Carolina African American Heritage Commission,T8-black-history-orgs,opened,https://aahc.nc.gov/about-us/mission-history,ncaahc@dncr.nc.gov,"es 109 E. Jones St. 4632 Mail Service Center Raleigh, North Carolina 27699-4632 ncaahc@dncr.nc.gov",,,2026-10-04T22:40:25.899465Z,ok,,other_page
North Carolina African American Heritage Commission,T8-black-history-orgs,opened,https://aahc.nc.gov/contact-us/faqs,ncaahc@dncr.nc.gov,"es 109 E. Jones St. 4632 Mail Service Center Raleigh, North Carolina 27699-4632 ncaahc@dncr.nc.gov",,,2026-10-04T22:40:25.899465Z,ok,,other_page
South Carolina African American Heritage Commission,T8-black-history-orgs,robots_disallowed,https://www.scaahc.org/,,,,,2026-10-04T22:40:43.005564Z,site_failed,robots_disallowed,
"George Washington Carver Museum, Cultural and Genealogy Center",T8-black-history-orgs,opened,https://www.austintexas.gov/housing/programs/affordable-housing-online-search-tool-ahost,housing@austintexas.gov,"For more information about the Affordable Housing Listing and the AHOST, email housing@austintexas.gov .",,,2026-10-04T22:40:45.392475Z,ok,,other_page
"George Washington Carver Museum, Cultural and Genealogy Center",T8-black-history-orgs,opened,https://www.austintexas.gov/housing/home-repair-programs,sarah.ramos@austintexas.gov,"ck on “TEAMS” to join the meeting or email your name, firm and email address to sarah.ramos@austintexas.gov and a meeting invite will be sent directly to your e",,,2026-10-04T22:40:45.392475Z,ok,,other_page
"George Washington Carver Museum, Cultural and Genealogy Center",T8-black-history-orgs,opened,https://www.austintexas.gov/housing/home-repair-programs,dejuan.brown@austintexas.gov,"epresentatives: Sarah Ramos, at sarah.ramos@austintexas.gov and DeJuan Brown at dejuan.brown@austintexas.gov . All communications and questions concerning this ",,,2026-10-04T22:40:45.392475Z,ok,,other_page
"George Washington Carver Museum, Cultural and Genealogy Center",T8-black-history-orgs,opened,https://www.austintexas.gov/housing/home-repair-programs,nhcdcs@austintexas.gov,Call 512-974-3100 OR email hpdcs@austintexas.gov with questions. The City receives and accepts Video Relay Service (VRS) calls from people who are Deaf or hard ,,,2026-10-04T22:40:45.392475Z,ok,,other_page
"George Washington Carver Museum, Cultural and Genealogy Center",T8-black-history-orgs,opened,https://www.austintexas.gov/housing/home-repair-programs,hpdcs@austintexas.gov,"ze, and the responsiveness of applicants. Questions? Call 512-974-3100 OR email hpdcs@austintexas.gov with questions. The City receives and accepts Video Relay ",,,2026-10-04T22:40:45.392475Z,ok,,other_page
