org,domain,sector,size,signal,signal_url,signal_date,contact_role,contact_name_if_printed,email,email_source_url,status,arm,subject_variant,draft_date,sent_date,bounce,reply_type,notes,positioning,test_arm,cohort,template,persona,tier,buyer_role,program_name,signal_level,accepts_outside_programs,email_type,pillar,credit_score,voice_score,evidence_quote,evidence_url,evidence_date,verification,source_type,recommended_template,target_role,size_band_if_visible
McCarthy Building Companies,,construction and engineering,,warm,,,,,,,queued,,,,,,,"Cold-emailed 2026-09-28 to generic inboxes, not opened. Hold until Philip names a real contact.",,,,,,,,,,,,,,,,,,,,,,
Oncor Electric Delivery,oncor.com,utilities and energy,,warm,,,past session contact,,timothy.walter@oncor.com,Gmail history: 2023 session thread and Sept 28 2026 note,drafted,B,follow-up on thread,2026-10-08,,,,"Warm follow-up. First note sent 2026-09-28, no reply. Address from prior two-way correspondence, not a web page. Philip approved warm lane use implicitly.",,,,,,,,,,,,,,,,,,,,,,
Fastly,,tech,,warm,,,,,,,queued,,,,,,,Past client. Session led. Needs contact lookup. Domain to confirm.,,,,,,,,,,,,,,,,,,,,,,
Skillshare,,tech,,warm,,,,,,,queued,,,,,,,Past client. Needs contact lookup.,,,,,,,,,,,,,,,,,,,,,,
SMBC,smbcgroup.com,financial services,,warm,,,"January 2025 call contact, role unknown",,eric.eckholdt@smbcgroup.com,Gmail history: Jan 2025 thread,drafted,B,American history subject (Philip approved 2026-10-08),2026-10-08,,,,"Warm reconnect. Address from prior two-way correspondence. Role unknown, so draft asks who the right person is.",,,,,,,,,,,,,,,,,,,,,,
Global Payments,,financial services,,warm,,,,,,,queued,,,,,,,Past client. Needs contact lookup.,,,,,,,,,,,,,,,,,,,,,,
Thoughtium,,consumer brands,,warm,,,,,,,queued,,,,,,,Past client. Needs contact lookup.,,,,,,,,,,,,,,,,,,,,,,
eos Products,,consumer brands,,warm,,,,,,,queued,,,,,,,Past client. Needs contact lookup.,,,,,,,,,,,,,,,,,,,,,,
Cengage Group,cengagegroup.com,education technology,"about 4,000",A,https://www.cengagegroup.com/news/perspectives/2026/celebrating-black-history-month/,2026-02-27,,,,,dead,,,,,,,Page opened. No email or contact form printed. Dead per rule.,,,,,,,,,,,,,,,,,,,,,,
Samsara,samsara.com,tech,,B,,,,,,,dead,,,,,,,ERG signal came from a search summary only. Could not confirm on a page. No contact printed.,,,,,,,,,,,,,,,,,,,,,,
Workiva,workiva.com,tech,,C,,,,,,,dead,,,,,,,Black BERG feature is undated. No 2026 signal. No contact printed.,,,,,,,,,,,,,,,,,,,,,,
Clifford Chance,cliffordchance.com,professional services,"~10,408",C,,,Global Head of Inclusion and Wellbeing,,dk.bartley@cliffordchance.com,Lusha reveal 2026-10-08,drafted,BHM,Black history story,2026-10-09,,,,"Lusha contact Dk Bartley. SKIP: law firm, weaker fit than the target buyer set. Positioning BHM-first (Medium).",BHM-first,,inclusion,Draft 2,,,,,,,,,,,,,,,,,,
Cato Networks,catonetworks.com,tech,"~1,770",C,,,Senior Director of Global Organizational Development and Learning,,jordana.shapiro@catonetworks.com,Lusha reveal 2026-10-08,drafted,BHM,Black history story,2026-10-09,,,,"Lusha contact Jordana Shapiro. SKIP: tech, no evidence, weaker fit. Positioning BHM-first (Low). Drafted 2026-10-09 after Philip dropped the 500 floor.",BHM-first,,inclusion,Draft 2,,,,,,,,,,,,,,,,,,
Allegis Group,allegisgroup.com,professional services,"~23,987",C,,,Learning and Organization Development Program Manager,,kchmiel@allegisgroup.com,Lusha reveal 2026-10-08,drafted,BHM,Black history story,2026-10-09,,,,"Lusha contact Kimberly Chmiel. SKIP: staffing, weaker fit. Positioning BHM-first (Low). Drafted 2026-10-09 after Philip dropped the 500 floor.",BHM-first,,inclusion,Draft 2,,,,,,,,,,,,,,,,,,
Hoya Vision Care,hoyavision.com,manufacturing,not found,C,,,Director of Talent Acquisition and Employee Engagement,,lori.davis@hoya.com,Lusha reveal 2026-10-08,drafted,BHM,Black history story,2026-10-09,,,,Lusha contact Lori Anne Davis. DRAFT-ELIGIBLE after split approval. Positioning BHM + safety angle (Low).,BHM + safety angle,,industrial,Draft 2,,,,,,,,,,,,,,,,,,
Enviva,envivabiomass.com,manufacturing (wood pellet / biomass; utilities & energy adjacent),~730,C,,,Director of Talent and Organizational Effectiveness,,jason.redmond@envivabiomass.com,Lusha reveal 2026-10-08,drafted,RESILIENCE,team resilience,2026-10-09,,,,Lusha contact Jason Jay Redmond. HOLD: Chapter 11 (Mar 2024 snippet) and second email at mastec.com; verify employer first. Positioning safety-first (Low). Drafted 2026-10-09 after Philip dropped the 500 floor. Verify he still works at Enviva (second email at mastec.com) before sending.,safety-first,,industrial,"Draft 1 (resilience, rewritten 2026-10-09)",,,,,,,,,,,,,,,,,,
Exela Pharma Sciences LLC,exelapharma.com,manufacturing (pharmaceutical),~320,C,,,Senior Director of Learning and Development,,cbrantolino@exela.us,Lusha reveal 2026-10-08,drafted,RESILIENCE,team resilience,2026-10-09,,,,"Lusha contact Celeste C Brantolino. HOLD: ~320 employees, below the 500 floor. Positioning safety-first (Low). Drafted 2026-10-09 after Philip dropped the 500 floor.",safety-first,,industrial,"Draft 1 (resilience, rewritten 2026-10-09)",,,,,,,,,,,,,,,,,,
Precision Drilling,precisiondrilling.com,utilities & energy (oil & gas drilling),"~5,500",C,,,"Director of Talent Management, Learning, and Field Development",,susan.anderson@precisiondrilling.com,Lusha reveal 2026-10-08,drafted,RESILIENCE,team resilience,2026-10-09,,,,Lusha contact Susan Mcdonald Anderson. DRAFT-ELIGIBLE after split approval. Positioning safety-first (Medium).,safety-first,,industrial,"Draft 1 (resilience, rewritten 2026-10-09)",,,,,,,,,,,,,,,,,,
American Tire Distributors,atd.com,logistics & distribution,"~3,100-5,000: Wikipedia ~5,000",C,,,Director of Learning and Development,,dwwilson@atd-us.com,Lusha reveal 2026-10-08,drafted,BHM,Black history story,2026-10-09,,,,Lusha contact Darren Wilson. DRAFT-ELIGIBLE after split approval. Positioning safety-first (Medium).,safety-first,,industrial,Draft 2,,,,,,,,,,,,,,,,,,
Luminis Health,luminishealth.org,healthcare,"6,900+ employees, FY2024 fact sheet",C,,,Director of Learning and Organizational Development,,bromig@luminishealth.org,Lusha reveal 2026-10-08,drafted,BHM,Black history story,2026-10-09,,,,Lusha contact Brad Romig. DRAFT-ELIGIBLE after split approval. Positioning BHM-first (Low).,BHM-first,,inclusion,Draft 2,,,,,,,,,,,,,,,,,,
ŌURA,ouraring.com,tech (consumer wearables; Lusha says manufacturing),"~1,400",C,,,Director of Employee Learning and Development,,stacey.helstrom@ouraring.com,Lusha reveal 2026-10-08,drafted,BHM,Black history story,2026-10-09,,,,Lusha contact Stacey Helstrom. DRAFT-ELIGIBLE after split approval. Positioning BHM-first (Low).,BHM-first,,inclusion,Draft 2,,,,,,,,,,,,,,,,,,
Border States,borderstates.com,"logistics & distribution (electrical distributor; page does not state sector, wholesale-distribution inferred only from Lusha hint)","2,700+ employee-owners",C,,,Director of Learning and Development,,krichman@borderstates.com,Lusha reveal 2026-10-08,drafted,BHM,Black history story,2026-10-09,,,,Lusha contact Kristi Richman. DRAFT-ELIGIBLE after split approval. Positioning BHM-first (Medium).,BHM-first,,industrial,Draft 2,,,,,,,,,,,,,,,,,,
Window Nation,windownation.com,construction & engineering (home improvement/window installation),"~1,034",C,,,Director of Learning and Development,,hroby@windownation.com,Lusha reveal 2026-10-08,drafted,BHM,Black history story,2026-10-09,,,,Lusha contact Heather Roby. DRAFT-ELIGIBLE after split approval. Positioning safety-first (Low).,safety-first,,industrial,Draft 2,,,,,,,,,,,,,,,,,,
Barings,barings.com,professional services (asset management/finance; Lusha says Finance; sector list has no finance option),"Estimates conflict: 4,589",C,,,"Managing Director, Global Head of Talent Management, Inclusion and Experience",,melodie.saunders@barings.com,Lusha reveal 2026-10-08,drafted,BHM,Black history story,2026-10-09,,,,"Lusha contact Melodie Saunders. SKIP: finance, weaker fit. Positioning BHM-first (Medium). Drafted 2026-10-09 after Philip dropped the 500 floor.",BHM-first,,inclusion,Draft 2,,,,,,,,,,,,,,,,,,
Burris Logistics,burrislogistics.com,logistics & distribution,Conflicting: 'over 950 Team Members across 15 locations' vs ,C,,,Senior Director of Learning and Development,,ldunford@burrislogistics.com,Lusha reveal 2026-10-08,drafted,RESILIENCE,team resilience,2026-10-09,,,,Lusha contact Lawrence Dunford Coach Change Leader. DRAFT-ELIGIBLE after split approval. Positioning safety-first (Medium).,safety-first,,industrial,"Draft 1 (resilience, rewritten 2026-10-09)",,,,,,,,,,,,,,,,,,
Southern Farm Bureau Casualty Insurance Company,sfbcic.com,professional services (insurance; Lusha says Finance),not reliably found: aggregators conflict,C,,,Director of Employee Benefits and Engagement,,jschmidt@sfbcic.com,Lusha reveal 2026-10-08,drafted,BHM,Black history story,2026-10-09,,,,"Lusha contact Jill Schmidt. HOLD: headcount unreliable (aggregators 4 to 2,000), may be under 500. Positioning BHM-first (Low). Drafted 2026-10-09 after Philip dropped the 500 floor.",BHM-first,,inclusion,Draft 2,,,,,,,,,,,,,,,,,,
Belcorp,belcorp.biz,consumer goods (beauty direct selling; Lusha says Retail & Wholesale),"~11,300",C,,,Executive Director of Corporate Talent and Culture,,bbocci@belcorp.biz,Lusha reveal 2026-10-08,drafted,BHM,Black history story,2026-10-09,,,,"Lusha contact Bruna Maria Bocci Moreno. HOLD: Latin America-centred, US BHM relevance unverified. Positioning BHM-first (Low). Drafted 2026-10-09 after Philip dropped the 500 floor.",BHM-first,,inclusion,Draft 2,,,,,,,,,,,,,,,,,,
Campari Group,camparigroup.com,manufacturing (spirits/beverages),"~5,000 per company website",C,,,Director of Employee Experience and Human Resources Operations,,jessica.buquicchio@campari.com,Lusha reveal 2026-10-08,drafted,BHM,Black history story,2026-10-09,,,,Lusha contact Jessica Buquicchio. DRAFT-ELIGIBLE after split approval. Positioning BHM-first (Low).,BHM-first,,inclusion,Draft 2,,,,,,,,,,,,,,,,,,
The Greenbrier Companies,gbrx.com,manufacturing (railcar manufacturing),"~13,000 as of Aug 31, 2025",C,,,Head of Learning and Development,,anna.vaught@gbrx.com,Lusha reveal 2026-10-08,drafted,RESILIENCE,team resilience,2026-10-09,,,,Lusha contact Anna Vaught. DRAFT-ELIGIBLE after split approval. Positioning BHM + safety angle (Medium).,BHM + safety angle,,industrial,"Draft 1 (resilience, rewritten 2026-10-09)",,,,,,,,,,,,,,,,,,
Choice Hotels International,choicehotels.com,other (hospitality/franchisor; none of the listed sectors fits),"1,754 associates at 12/31/2025",C,,,"Senior Director of Benefits, Wellbeing and Belonging",,michelle.shirley@choicehotels.com,Lusha reveal 2026-10-08,drafted,BHM,Black history story,2026-10-09,,,,Lusha contact Michelle Shirley. SKIP: hospitality; use choicehotels.com address only if later approved. Positioning BHM-first (Medium).,BHM-first,,inclusion,Draft 2,,,,,,,,,,,,,,,,,,
Glanbia,glanbia.com,"manufacturing (nutrition products; Lusha hint only, not confirmed on a page opened)","~5,941 in 2025 per Revelio Labs",C,,,"Senior Director of Culture, Engagement and Belonging",,khorbinski@glanbia.com,Lusha reveal 2026-10-08,drafted,BHM,Black history story,2026-10-09,,,,Lusha contact Kristin Horbinski. DRAFT-ELIGIBLE after split approval. Positioning BHM-first (Low).,BHM-first,,inclusion,Draft 2,,,,,,,,,,,,,,,,,,
Environmental Air Systems,easinc.net,"construction & engineering (mechanical/electrical/plumbing contractor, EAS homepage opened)",not found,C,,,Director of Learning and Talent Development,,jdubuc@easinc.net,Lusha reveal 2026-10-08,drafted,RESILIENCE,team resilience,2026-10-09,,,,Lusha contact Julie Dubuc. DRAFT-ELIGIBLE after split approval. Positioning safety-first (Medium).,safety-first,,industrial,"Draft 1 (resilience, rewritten 2026-10-09)",,,,,,,,,,,,,,,,,,
CareFirst BlueCross BlueShield,carefirst.com,healthcare (health insurer; Lusha says Finance),"5,700+ per CareFirst careers text reproduced on Talentally",C,,,Manager of Learning and Development,,matthew.talley@carefirst.com,Lusha reveal 2026-10-08,queued,B,,,,,,"Lusha contact Matthew Talley. SKIP: insurer, weaker fit. Positioning BHM-first (Low). Skipped by Philip 2026-10-09. NOT drafted: Philip emailed aika.mallya@carefirst.com on 2025-02-10 (YAMM send). Awaiting Philip decision.",BHM-first,,,,,,,,,,,,,,,,,,,,,
Flow Traders,flowtraders.com,other (proprietary trading/finance),626 total employees per Built In,C,,,Employee Engagement Lead,,jgrossberg@us.flowtraders.com,Lusha reveal 2026-10-08,drafted,BHM,Black history story,2026-10-09,,,,"Lusha contact Jillian Grossberg. SKIP: trading firm, weaker fit. Positioning BHM-first (Low). Drafted 2026-10-09 after Philip dropped the 500 floor.",BHM-first,,inclusion,Draft 2,,,,,,,,,,,,,,,,,,
Leadership Akron,leadershipakron.org,use-case research round 2,,A,https://www.leadershipakron.org/lacli,program days 2027-02-10 to 2027-03-24 (page undated),Programs & Operations / general inbox,,info@leadershipakron.org,https://www.leadershipakron.org/lacli,queued,,,,,,,"fetched 2026-10-09; Best fit day: 2027-03-24 Civic Leadership & Justice. Page also prints a named VP of Programs & Operations with email; not used. Partners shown: Bridgestone, Goodyear. No speaker call.",,,,,P1,1,Programs & Operations / general inbox,Community Leadership Institute 2027 (4 program days),A,not stated,role_inbox,,,,,,,,,,,
The Diversity Center of Northeast Ohio,diversitycenterneo.org,use-case research round 2,,A,https://diversitycenterneo.org/programs-training/lead-diversity/,2026 (applications open for 2027 class; page undated),LeadDIVERSITY program / general inbox,,info@diversitycenterneo.org,https://diversitycenterneo.org,queued,,,,,,,fetched 2026-10-09; Program is itself DEI-focused; may self-facilitate. Two named staff emails on program page not used. Session dates not on page.,,,,,P1,1,LeadDIVERSITY program / general inbox,LeadDIVERSITY Class of 2027 (9 sessions + graduation),A,not stated,role_inbox,,,,,,,,,,,
Leadership Austin,,use-case research round 2,,A,https://leadershipaustin.org,sessions 2026-11-16 and 2027-02-22; Courageous Leaders Lunch 2027-05-14,Programs / contact form,,,https://leadershipaustin.org/about/contact/,queued,,,,,,,"fetched 2026-10-09; No email printed anywhere opened; contact form only. Tier 1 rule says email required so DECISION NEEDED. engage@leadershipaustin.org is a New-to-Austin signup address, not used. Strongest thematic match found (courage, difficult conversations).",,,,,P1,1,Programs / contact form,Difficult Talks: Foundation for Courageous Communication; Lead Across Differences,A,not stated,form_only,,,,,,,,,,,
Leadership Greater Madison,wcgpr.com,use-case research round 2,,B,https://madisonbiz.com/lgm/,cohort 2026-09 to 2027-06 (page undated),Program Director,Lynn Wood,lwood@wcgpr.com,https://madisonbiz.com/lgm/,queued,,,,,,,"fetched 2026-10-09; Only contact printed is the named Program Director. Domain wcgpr.com looks like an outside PR/communications firm (inference, not stated on page) so program may be run by an agency. Session themes not listed.",,,,,P1,1,Program Director,LGM33 cohort Sept 2026 - June 2027,B,not stated,named_person,,,,,,,,,,,
AIAMC (Alliance of Independent Academic Medical Centers),aiamc.org,use-case research round 2,,A,https://aiamc.org/news/aiamc-2027-annual-meeting-call-for-poster-abstracts-and-breakout-session-proposals,call deadline 2026-09-15 (PASSED); decisions mid-Oct 2026,Annual meeting staff contact,,kimberly@aiamc.org,https://aiamc.org/news/aiamc-2027-annual-meeting-call-for-poster-abstracts-and-breakout-session-proposals,queued,,,,,,,"fetched 2026-10-09; Deadline passed; use for relationship or next year. 75-min hands-on workshop format required; theme 'The Future of Leadership is Human'. Planner staff vs agency: not stated. Address printed in footer, role not stated.",,,,,P2,1,Annual meeting staff contact,"2027 Annual Meeting, Tucson, Apr 8-10 2027, breakout call",A,yes via open call (closed),named_person_first_name_only,,,,,,,,,,,
Rotary Club of Ann Arbor,a2rotary.org,use-case research round 2,,B,https://www.a2rotary.org/?p=2896,undated (copyright 2026),Program Committee chair,,program@a2rotary.org,https://www.a2rotary.org/?p=2896,queued,,,,,,,"fetched 2026-10-09; Flag: required vendor-style process (speaker recommendation form, committee reviews monthly, scheduled 3-6 months out). Sales-pitch ban may catch a paid offer.",,,,,P5,2,Program Committee chair,Weekly speaker program,B,"yes, non-members eligible; bars candidates and any sales/fundraising pitch",role_inbox,,,,,,,,,,,
Rotary Club of Spokane (Club 21),rotaryspokane.com,use-case research round 2,,A,https://www.rotaryspokane.com/,"speakers listed 2026-10-08, 10-15, 10-22",Rotary office (speaker requests),,Club21@rotaryspokane.com,https://www.rotaryspokane.com/,queued,,,,,,,"fetched 2026-10-09; Club office address, org domain. Tied to proposal form; a named administrator is printed without email.",,,,,P5,2,Rotary office (speaker requests),Thursday noon speaker program,A,'Propose a Speaker' link on page (form not opened),role_inbox,,,,,,,,,,,
"Christ Lutheran Church (Duncannon, PA)",,use-case research round 2,,A,https://clcduncannon.org/2026-black-history-month-education-series/,2026-02-09 to 2026-03-09,Church office,,christlutheranduncannon@gmail.com,https://clcduncannon.org/2026-black-history-month-education-series/,queued,,,,,,,fetched 2026-10-09; Church's own contact address on its page. Same format as our offer (short film then talk). Closed-audience/no-fee term would fit.,,,,,P5,2,Church office,2026 Black History Month Education Series (film + discussion),A,not stated,role_inbox_free_domain,,,,,,,,,,,
Mount Pleasant Lutheran Church (WI),mplc.us,use-case research round 2,,A,https://www.spaceshipchurch.org/events/black-history-month-film-series,2026-02-02 onward,Church office,,info@mplc.us,https://www.spaceshipchurch.org/events/black-history-month-film-series,queued,,,,,,,fetched 2026-10-09; Listing is on a third-party church-platform page; mplc.us homepage not opened. Address is on the org's own domain.,,,,,P5,2,Church office,"Black History Month movie nights, Mondays Feb 2026",A,not stated,role_inbox,,,,,,,,,,,
Nyack Library (NY),nyacklibrary.org,use-case research round 2,,B,https://nyacklibrary.org/get-involved/present-a-program,undated (copyright 2026),Librarian for Programs & Community Outreach,,programs@nyacklibrary.org,https://nyacklibrary.org/get-involved/present-a-program,queued,,,,,,,"fetched 2026-10-09; Flag: required process (Program Presenter Application + Presenter Expectations & Procedures, not read). Form has fee/honorarium field. Schedules set months ahead.",,,,,P6,2,Librarian for Programs & Community Outreach,Present a Program (Programming Committee),B,yes via application,role_inbox,,,,,,,,,,,
Woodbridge Township Public Library (NJ),woodbridgelibrary.org,use-case research round 2,,B,https://woodbridgelibrary.org/1207/Send-Us-a-Program-Proposal,undated,Programming,,WPLProgramming@WoodbridgeLibrary.org,https://woodbridgelibrary.org/1207/Send-Us-a-Program-Proposal,queued,,,,,,,"fetched 2026-10-09; Flag: required process (online form, 8-week lead time, library's own registration). Library pays presenters per form (budget exists). Programs 45-90 min.",,,,,P6,2,Programming,Program proposal form,B,yes via online form,role_inbox,,,,,,,,,,,
Sherborn Library (MA),minlib.net,use-case research round 2,,B,https://sherbornlibrary.org/news-events/proposing-programs/,undated (form filename dated 2024-04),General library inbox,,sherborn@minlib.net,https://sherbornlibrary.org/news-events/proposing-programs/,queued,,,,,,,"fetched 2026-10-09; Flag: required process (emailed proposal form, subject 'Public Program Proposal'); will not reply to all. Page says all programs are free to public; fees not mentioned.",,,,,P6,2,General library inbox,Public Program Proposal,B,yes via proposal form,role_inbox,,,,,,,,,,,
Library of the Chathams (NJ),chathamlibrary.org,use-case research round 2,,B,https://chathamlibrary.org/program-proposals,undated,General library inbox,,librarian@chathamlibrary.org,https://chathamlibrary.org/program-proposals,queued,,,,,,,"fetched 2026-10-09; Flag: required process (Google Form; planned 2+ months ahead). Fees not mentioned. Only address on page, roles unlabeled.",,,,,P6,2,General library inbox,Program Proposals (Google Form),B,yes via Google Form,role_inbox,,,,,,,,,,,
Ames Public Library (IA),,use-case research round 2,,B,https://amespubliclibrary.org/event/black-lives-black-stories-racial-justice-film-series,"2020-09-21 to 2020-12-07 (OLD, outside 18 months)",Programming (web form),,,https://amespubliclibrary.org/event/black-lives-black-stories-racial-justice-film-series,queued,,,,,,,"fetched 2026-10-09; Form URL printed on page, form itself not opened. Series is old; B because it runs film+discussion programs and invites proposals.",,,,,P6,2,Programming (web form),"Black Lives, Black Stories racial justice film series (2020); program proposal form",B,"yes, 'We welcome proposals via our website' (www.amespubliclibrary.org/programproposal)",form_only,,,,,,,,,,,
Medford Historical Society (NJ),,use-case research round 2,,A,https://www.medfordhistory.org/event-details/medford-historical-society-presents-2026-speaker-series-2026-11-05-19-00,2026-10-01 and 2026-11-05,Society contact,,medfordhistorynj@gmail.com,https://www.medfordhistory.org/event-details/medford-historical-society-presents-2026-speaker-series-2026-11-05-19-00,queued,,,,,,,"fetched 2026-10-09; Org's own printed contact. 2026 series theme is local/US history for the 250th; Nov 5 is too close for a Fall slot, so later series or 2027.",,,,,P6,2,Society contact,"2026 Speaker Series (Apr, May, Oct, Nov)",A,not stated,role_inbox_free_domain,,,,,,,,,,,
"The Pump House Film Society (La Crosse, WI)",thepumphouse.org,use-case research round 2,,A,https://www.thepumphouse.org/film-society/,2026-09-20 to 2027-05-16 (9 Sundays),General contact,,contact@thepumphouse.org,https://www.thepumphouse.org/film-society/,queued,,,,,,,"fetched 2026-10-09; Ticketed series with meal; 'closed audience, no admission fee' term would not fit. Remaining titles TBA so a slot may exist.",,,,,P6,2,General contact,"Film Society 2026-27 season, post-film discussion",A,not stated,role_inbox,,,,,,,,,,,
Lower Macungie Township Historical Society (PA),lmthistory.org,use-case research round 2,,B,https://www.lmthistory.org/calendar-of-events.html,"2026-10-18, 11-15, 12-20",Society contact,,info@lmthistory.org,https://www.lmthistory.org/calendar-of-events.html,queued,,,,,,,"fetched 2026-10-09; Events are a cable broadcast and an open house, a weak film-discussion signal. Address decoded from an obfuscated link on the page.",,,,,P6,2,Society contact,"Fall 2026 events (TV broadcast screenings, open house)",B,not stated,role_inbox,,,,,,,,,,,
"Noir Black Chamber of Commerce (Louisville, KY)",noirbcc.org,use-case research round 2,,B,https://noirbcc.org,no dated event on page,General contact,,info@noirbcc.org,https://noirbcc.org,queued,,,,,,,"fetched 2026-10-09; Online youth leadership/entrepreneurship platform with middle-school, high-school and college chapters. Page invites project submissions (CDE) to the same address.",,,,,P7,2,General contact,"Noirbbc Clubs, youth ages 9-24",B,not stated,role_inbox,,,,,,,,,,,
"Junior Achievement of the Heartland (Moline, IL)",,use-case research round 2,,C,https://heartland.ja.org,2026-10-22 (fundraiser),Contact form,,,https://heartland.ja.org,queued,,,,,,,"fetched 2026-10-09; No email on page; contact form at /about/contact-us linked on page, not opened. Fits by type only.",,,,,P7,2,Contact form,Classroom programs; Taste of Achievement 2026-10-22,C,volunteers only; JA curriculum is fixed (likely required process),form_only,,,,,,,,,,,
Junior Achievement of Greater St. Louis,,use-case research round 2,,C,https://greaterstlouis.ja.org/,2027-05-20 (fundraiser),Contact form,,,https://greaterstlouis.ja.org/,queued,,,,,,,"fetched 2026-10-09; No email on page; contact form at /about/contact-us linked on page, not opened. Fits by type only.",,,,,P7,2,Contact form,Classroom programs; Business Hall of Fame 2027-05-20,C,volunteers only; JA curriculum is fixed (likely required process),form_only,,,,,,,,,,,
"Montana State University, Catalyst Innovation Community",montana.edu,university innovation hub,,A,https://tto.montana.edu/nsf-art/innovation_community.html,Fall 2026 monthly speaker series announced (page undated),Catalyst Innovation Community contact inbox,,innovate@montana.edu,https://tto.montana.edu/nsf-art/innovation_community.html,queued,,,,,,,"fetched 2026-10-09. Weekly Thursday sessions plus monthly speaker series of innovation leaders; fits the 'ideas flourish' angle. Accepts outside speakers: not stated. Gmail checked, no prior contact.",,,,,P3,1,Catalyst Innovation Community contact inbox,Catalyst Innovation Community speaker series,A,not stated,role_inbox,,,,,,,,,,,
Ericsson Nikola Tesla,ericssonnikolatesla.com,telecom/tech,,values_match,https://ericssonnikolatesla.com/en/news/more-than-300-ideas-ent-demonstrates-the-strength-of-its-innovation-culture-through-the-2026-innovation-challenge/,2026,,,,,queued,,,,,,,non-US (Croatia),,,,,values_match,,,,,,,voice,0,2,More than 300 ideas: ENT demonstrates the strength of its innovation culture through the 2026 Innovation Challenge,https://ericssonnikolatesla.com/en/news/more-than-300-ideas-ent-demonstrates-the-strength-of-its-innovation-culture-through-the-2026-innovation-challenge/,2026,snippet,press_release,V2,L&D / People / inclusion / engagement lead (Manager-Director),
Colorado Department of Transportation,codot.gov,government/transportation,,values_match,,2026,,,,,queued,,,,,,,public agency; url not captured (search summary),,,,,values_match,,,,,,,voice,0,2,"2026 CDOT Innovations Challenge invites employees to submit improvements (tool improvement, AI categories)",,2026,snippet,press_release,V2,L&D / People / inclusion / engagement lead (Manager-Director),
Deutsche Bank,db.com,finance,,values_match,https://www.db.com/news/detail/20260723-deutsche-bank-s-global-hackathon-marks-10-years-of-turning-ideas-into-action,2026-07-23,,,,,queued,,,,,,,,,,,,values_match,,,,,,,voice,0,2,"Global Hackathon marks 10 years of turning ideas into action; 4,000+ employees across 21 locations",https://www.db.com/news/detail/20260723-deutsche-bank-s-global-hackathon-marks-10-years-of-turning-ideas-into-action,2026-07-23,snippet,company_newsroom,V2,L&D / People / inclusion / engagement lead (Manager-Director),
COUNTRY Financial,countryfinancial.com,insurance/finance,,values_match,https://www.countryfinancial.com/en/about-us/newsroom/employees-and-interns-tackle-big-ideas-at-annual-hackathon.html,2025-08,,,,,queued,,,,,,,,,,,,values_match,,,,,,,voice,0,2,"Employees and interns tackle big ideas at annual hackathon; 20+ teams, three days",https://www.countryfinancial.com/en/about-us/newsroom/employees-and-interns-tackle-big-ideas-at-annual-hackathon.html,2025-08,snippet,company_newsroom,V2,L&D / People / inclusion / engagement lead (Manager-Director),
Swissquote,swissquote.com,finance,,values_match,https://www.swissquote.com/en/group/annual-report/2025/business-cases/dare-to-make-a-difference,2025-11,,,,,queued,,,,,,,non-US,,,,,values_match,,,,,,,voice,0,2,"2025 Innovation Days moved to two weeks, 10 to 21 November",https://www.swissquote.com/en/group/annual-report/2025/business-cases/dare-to-make-a-difference,2025-11,snippet,company_newsroom,V2,L&D / People / inclusion / engagement lead (Manager-Director),
Terabank,terabank.ge,finance,,values_match,https://terabank.ge/en/retail/news/3224-terabankma-shida-hakatonis-gamarjvebuli-gundi-gamoavlina,2025-12,,,,,queued,,,,,,,non-US (Georgia),,,,,values_match,,,,,,,voice,0,2,Eight teams took part in a two-day internal hackathon; winning team presented internal AI model,https://terabank.ge/en/retail/news/3224-terabankma-shida-hakatonis-gamarjvebuli-gundi-gamoavlina,2025-12,snippet,company_newsroom,V2,L&D / People / inclusion / engagement lead (Manager-Director),
Superintendency of Banks of Panama,superbancos.gob.pa,government/finance,,values_match,https://www.superbancos.gob.pa/en/node/1571,2025-09,,,,,queued,,,,,,,"non-US, regulator",,,,,values_match,,,,,,,voice,0,2,"SBP Innova 2025 hackathon, four-week initiative to foster creativity and collaboration among employees",https://www.superbancos.gob.pa/en/node/1571,2025-09,snippet,company_newsroom,V2,L&D / People / inclusion / engagement lead (Manager-Director),
Protiviti,protiviti.com,professional services,,values_match,https://www.prnewswire.com/news-releases/protiviti-named-to-fast-company-best-workplaces-for-innovators-2026-list-302873171.html,2026-09,,,,,queued,,,,,,,,,,,,values_match,,,,,,,voice,0,2,Employees can submit use cases and join internal innovation challenges; named to Fast Company Best Workplaces for Innovators 2026,https://www.prnewswire.com/news-releases/protiviti-named-to-fast-company-best-workplaces-for-innovators-2026-list-302873171.html,2026-09,snippet,press_release,V2,L&D / People / inclusion / engagement lead (Manager-Director),
Mancini,mancini-duffy.com,architecture/design,,values_match,https://www.prnewswire.com/news-releases/mancini-recognized-in-fast-companys-2026-100-best-workplaces-for-innovators-302872219.html,2026-09,,,,,queued,,,,,,,domain unconfirmed,,,,,values_match,,,,,,,voice,0,2,Internal incubator Design Lab brings people from across the firm to test ideas and turn them into tools,https://www.prnewswire.com/news-releases/mancini-recognized-in-fast-companys-2026-100-best-workplaces-for-innovators-302872219.html,2026-09,snippet,press_release,V2,L&D / People / inclusion / engagement lead (Manager-Director),
Longevity Health,,healthcare,,values_match,https://www.prnewswire.com/news-releases/longevity-health-earns-2026-great-place-to-work-certification-302748851.html,2026-04-21,,,,,queued,,,,,,,,,,,,values_match,,,,,,,voice,0,2,"Launched ERG called Voice to share perspectives, influence decision-making and contribute to improvements",https://www.prnewswire.com/news-releases/longevity-health-earns-2026-great-place-to-work-certification-302748851.html,2026-04-21,snippet,award_list,V2,L&D / People / inclusion / engagement lead (Manager-Director),
Penn Mutual,pennmutual.com,insurance/finance,,values_match,https://www.prnewswire.com/news-releases/penn-mutual-earns-2026-great-place-to-work-certification-302831311.html,2026-07-22,,,,,queued,,,,,,,,,,,,values_match,,,,,,,voice,0,2,CAO tied fifth GPTW certification to employee voice; survey cited approachable leaders who listen and act on feedback,https://www.prnewswire.com/news-releases/penn-mutual-earns-2026-great-place-to-work-certification-302831311.html,2026-07-22,snippet,award_list,V2,L&D / People / inclusion / engagement lead (Manager-Director),
Plume,plume.com,technology,,values_match,https://www.prnewswire.com/news-releases/plume-named-to-2026-top-100-global-most-loved-workplaces-list-302803483.html,2026-06,,,,,queued,,,,,,,,,,,,values_match,,,,,,,voice,0,2,"CEO: people behind the products must feel respected, heard and empowered; Top 100 Global Most Loved Workplaces 2026",https://www.prnewswire.com/news-releases/plume-named-to-2026-top-100-global-most-loved-workplaces-list-302803483.html,2026-06,snippet,press_release,V2,L&D / People / inclusion / engagement lead (Manager-Director),
StarCompliance,starcompliance.com,technology/compliance,,values_match,https://www.prnewswire.com/news-releases/driving-innovation-forward-starcompliance-announces-hackathon-winners-302499269.html,2025-07,,,,,queued,,,,,,,,,,,,values_match,,,,,,,voice,0,2,Hack to the Future: staff challenged to build AI into products; hackathon winners announced,https://www.prnewswire.com/news-releases/driving-innovation-forward-starcompliance-announces-hackathon-winners-302499269.html,2025-07,snippet,press_release,V2,L&D / People / inclusion / engagement lead (Manager-Director),
Marsh,marsh.com,professional services,,values_match,https://www.marsh.com/en/corp/about/culture/black-history-month.html,2026-02,,,,,queued,,,,,,,,,,,,values_match,,,,,,,credit,2,1,Black History Month 2026 February 1-28 highlights colleague contributions; theme A Century of Black History Commemorations,https://www.marsh.com/en/corp/about/culture/black-history-month.html,2026-02,snippet,company_newsroom,V1,L&D / People / inclusion / engagement lead (Manager-Director),
Enbridge,enbridge.com,energy,,values_match,https://www.enbridge.com/About-Us/Our-Values/Black-History-Month,2026-02,,,,,queued,,,,,,,Canada-based,,,,,values_match,,,,,,,credit,2,1,"February observance focusing on Black contributions across business, science and technology; 2026 marks 100th anniversary",https://www.enbridge.com/About-Us/Our-Values/Black-History-Month,2026-02,snippet,company_newsroom,V1,L&D / People / inclusion / engagement lead (Manager-Director),
City of Milwaukee,milwaukee.gov,government,,values_match,https://city.milwaukee.gov/DER/benefits/Employee-Resource-Group-ERG/Black-African-American-BAA,2026-02,,,,,queued,,,,,,,,,,,,values_match,,,,,,,credit,2,1,"Black/African American ERG 2026 events including game night, scavenger hunt, volunteer day",https://city.milwaukee.gov/DER/benefits/Employee-Resource-Group-ERG/Black-African-American-BAA,2026-02,snippet,other,V1,L&D / People / inclusion / engagement lead (Manager-Director),
Mountain America Credit Union,,finance,,values_match,https://www.globenewswire.com/news-release/2026/09/16/3363197/0/en/mountain-america-credit-union-celebrates-hispanic-heritage-through-culture-community-and-financial-access.html,2026-09,,,,,queued,,,,,,,,,,,,values_match,,,,,,,credit,2,1,celebrates Hispanic heritage recognizing contributions of Hispanic employees,https://www.globenewswire.com/news-release/2026/09/16/3363197/0/en/mountain-america-credit-union-celebrates-hispanic-heritage-through-culture-community-and-financial-access.html,2026-09,snippet,press_release,V1,L&D / People / inclusion / engagement lead (Manager-Director),
Raymond Group,raymondgroup.com,construction,,values_match,https://www.raymondgroup.com/category/employees/,2026-03,,,,,queued,,,,,,,,,,,,values_match,,,,,,,credit,2,0,Blog category of employee spotlights with posts dated March 2026 and September 2025,https://www.raymondgroup.com/category/employees/,2026-03,snippet,company_newsroom,V1,L&D / People / inclusion / engagement lead (Manager-Director),
Visit Reno Tahoe,,hospitality,,values_match,https://www.rscva.com/?p=7328,2025-10,,,,,queued,,,,,,,,,,,,values_match,,,,,,,credit,2,0,Reno Tahoe Spotlight Awards recognize exceptional employees; 2025 results announced October 2025,https://www.rscva.com/?p=7328,2025-10,snippet,other,V1,L&D / People / inclusion / engagement lead (Manager-Director),
Delta Air Lines,delta.com,logistics,,values_match,https://ajc-ajc-prod.cdn.arcpublishing.com/business/2025/06/juneteenth-whats-closed-in-atlanta-and-who-has-the-day-off,2025-06,,,,,queued,,,,,,,,,,,,values_match,,,,,,,credit,2,1,Delta gave two floating holidays and organized volunteers to pack meal kits June 18,https://ajc-ajc-prod.cdn.arcpublishing.com/business/2025/06/juneteenth-whats-closed-in-atlanta-and-who-has-the-day-off,2025-06,snippet,earned_media,V1,L&D / People / inclusion / engagement lead (Manager-Director),
Emory Healthcare,emoryhealthcare.org,healthcare,,values_match,https://www.emoryhealthcare.org/innovation-hub,2025-06,,,,,queued,,,,,,,,,,,,values_match,,,,,,,voice,0,2,"FY2026 Innovation Challenge call for proposals open to Emory Healthcare employees, June 2-23, 2025",https://www.emoryhealthcare.org/innovation-hub,2025-06,snippet,company_newsroom,V2,L&D / People / inclusion / engagement lead (Manager-Director),large
JTM Construction,,construction,,values_match,https://www.djc.com/news/co/12173858.html,2026-01,,,,,queued,,,,,,,,,,,,values_match,,,,,,,voice,0,2,crew member exercised Stop Work Authority despite pressure; leadership formed a Learning Team; employee publicly recognized,https://www.djc.com/news/co/12173858.html,2026-01,snippet,earned_media,V2,L&D / People / inclusion / engagement lead (Manager-Director),mid
Samsung C&T,,construction,,values_match,https://secc.co.kr/en/esg/safety/risk-work,2025-12,,,,,queued,,,,,,,non-US (Korea),,,,,values_match,,,,,,,voice,0,2,"Stop Work Authority rolled out all sites; 654,957 cases recorded as of December 2025; non-retaliation clauses",https://secc.co.kr/en/esg/safety/risk-work,2025-12,snippet,company_newsroom,V2,L&D / People / inclusion / engagement lead (Manager-Director),large
Sutter Health,,healthcare,,values_match,https://www.hrdive.com/news/5-minutes-with-sutter-health-chro/803382/,2025-10,,,,,queued,,,,,,,,,,,,values_match,,,,,,,voice,0,3,wants psychological safety alongside physical safety in work environments (CHRO interview),https://www.hrdive.com/news/5-minutes-with-sutter-health-chro/803382/,2025-10,snippet,interview,V2,L&D / People / inclusion / engagement lead (Manager-Director),large
LCS (Life Care Services),lcsliving.com,senior living,,values_match,https://www.lcsliving.com/resources/for-providers/news-and-updates/lcs-announces-2026-innotank-competition-winner,2026,,,,,queued,,,,,,,,,,,,values_match,,,,,,,voice,0,2,"2026 InnoTank internal pitch event elevating ideas from corporate and community employees; 50+ entries; $10,000 grand prize",https://www.lcsliving.com/resources/for-providers/news-and-updates/lcs-announces-2026-innotank-competition-winner,2026,snippet,company_newsroom,V2,L&D / People / inclusion / engagement lead (Manager-Director),large
UW-Madison School of Education,education.wisc.edu,education,,values_match,https://administrativeservices.education.wisc.edu/2025/12/16/new-internal-funding-opportunities-to-spark-innovation-and-collaboration/,2025-12,,,,,queued,,,,,,,,,,,,values_match,,,,,,,voice,0,2,"Staff Innovation Grants up to $10,000 per individual or team; eight projects awarded",https://administrativeservices.education.wisc.edu/2025/12/16/new-internal-funding-opportunities-to-spark-innovation-and-collaboration/,2025-12,snippet,company_newsroom,V2,L&D / People / inclusion / engagement lead (Manager-Director),large
AidKit,prnewswire.com,tech/nonprofit,,values_match,https://www.prnewswire.com/news-releases/aidkit-named-to-fast-companys-2026-list-of-the-100-best-workplaces-for-innovators-302872699.html,2026-09,,,,,queued,,,,,,,,,,,,values_match,,,,,,,voice,0,2,"staff asked how aid delivery could improve; company formally established the CAC, turning employee idea into permanent infrastructure",https://www.prnewswire.com/news-releases/aidkit-named-to-fast-companys-2026-list-of-the-100-best-workplaces-for-innovators-302872699.html,2026-09,snippet,press_release,V2,L&D / People / inclusion / engagement lead (Manager-Director),small
SPS Commerce,spscommerce.com,software,,values_match,https://www.sec.gov/Archives/edgar/data/1092699/000109269926000012/spsc-20251231.htm,2026-02,,,,,queued,,,,,,,FY2025 10-K,,,,,values_match,,,,,,,voice,1,2,"ERGs open to all employees, providing employees a forum to share their ideas to continually improve the employee experience",https://www.sec.gov/Archives/edgar/data/1092699/000109269926000012/spsc-20251231.htm,2026-02,snippet,10-K,V2,L&D / People / inclusion / engagement lead (Manager-Director),mid
Webster Financial,websterbank.com,banking,,values_match,https://www.sec.gov/Archives/edgar/data/801337/000080133726000008/wbs-20251231.htm,2026-02,,,,,queued,,,,,,,FY2025 10-K,,,,,values_match,,,,,,,voice,1,2,2025 colleague engagement survey encouraging colleagues to share their opinions and actionable ideas for improvement,https://www.sec.gov/Archives/edgar/data/801337/000080133726000008/wbs-20251231.htm,2026-02,snippet,10-K,V2,L&D / People / inclusion / engagement lead (Manager-Director),large
Walker & Dunlop,walkerdunlop.com,commercial real estate finance,,values_match,https://www.sec.gov/Archives/edgar/data/1497770/000110465926020249/wd-20251231x10k.htm,2026-02,,,,,queued,,,,,,,FY2025 10-K,,,,,values_match,,,,,,,credit,2,1,"recognition programs tied to company values, with awards including spot bonuses and quarterly awards",https://www.sec.gov/Archives/edgar/data/1497770/000110465926020249/wd-20251231x10k.htm,2026-02,snippet,10-K,V1,L&D / People / inclusion / engagement lead (Manager-Director),mid
Baker Hughes,bakerhughes.com,energy,,values_match,https://www.sec.gov/Archives/edgar/data/1701605/000170160526000007/bkr-20251231.htm,2026-02,,,,,queued,,,,,,,FY2025 10-K,,,,,values_match,,,,,,,credit,2,1,"recognition programs, career development support, and community engagement initiatives strengthen employee connections and reinforce our culture",https://www.sec.gov/Archives/edgar/data/1701605/000170160526000007/bkr-20251231.htm,2026-02,snippet,10-K,V1,L&D / People / inclusion / engagement lead (Manager-Director),large
Texas Health Resources,texashealth.org,healthcare,,values_match,https://blueribbonnews.com/2026/01/texas-health-recognized-by-newsweek-magazine-for-workplace-culture/,2026-01,,,,,queued,,,,,,,CEO Berdan quote; Newsweek culture/belonging 2026; 2025 release says employees encouraged to speak up,,,,,values_match,,,,,,,voice,1,3,building a welcoming workplace where every voice is heard and valued,https://blueribbonnews.com/2026/01/texas-health-recognized-by-newsweek-magazine-for-workplace-culture/,2026-01,snippet,press_release,V2,L&D / People / inclusion / engagement lead (Manager-Director),large
WESTconsin Credit Union,westconsincu.org,credit union,,values_match,https://www.westconsincu.org/about-us/get-to-know-us/newsroom/june-2026/westconsin-credit-union-awarded-employee-listening-badge-2026-from-mclean-company,2026-06,,,,,queued,,,,,,,,,,,,values_match,,,,,,,voice,0,2,Verified Employee Listening badge 2026 from McLean & Company for research-backed listening practices,https://www.westconsincu.org/about-us/get-to-know-us/newsroom/june-2026/westconsin-credit-union-awarded-employee-listening-badge-2026-from-mclean-company,2026-06,snippet,press_release,V2,L&D / People / inclusion / engagement lead (Manager-Director),small
I.T. Solutions of South Florida,,IT services,,values_match,https://www.businesswire.com/news/home/20260121719048/en,2026,,,,,queued,,,,,,,weak; URL may not be this org,,,,,values_match,,,,,,,voice,0,2,CEO Deana Pizzo: recognition driven by employees' voices is deeply meaningful,https://www.businesswire.com/news/home/20260121719048/en,2026,snippet,press_release,V2,L&D / People / inclusion / engagement lead (Manager-Director),small
Bridgeway Senior Healthcare,,senior healthcare,,values_match,https://topworkplaces.com/award/leadership/2026/150-499/4536/2/?page=6,2026,,,,,queued,,,,,,,EVP quote; Top Workplaces 2026,,,,,values_match,,,,,,,voice,0,2,"will keep listening, supporting, and creating chances for its people to grow",https://topworkplaces.com/award/leadership/2026/150-499/4536/2/?page=6,2026,snippet,press_release,V2,L&D / People / inclusion / engagement lead (Manager-Director),mid
Velosity,qmed.com,manufacturing (MN),,values_match,https://qmed.com/velosity-named-2026-manufacturer-of-the-year-by-news130117.html,2026-10,,,,,queued,,,,,,,,,,,,values_match,,,,,,,voice,0,2,"in 2025 employees submitted 313 ideas, completed projects rose from 27 to 64, over $933,000 cost savings",https://qmed.com/velosity-named-2026-manufacturer-of-the-year-by-news130117.html,2026-10,snippet,press_release,V2,L&D / People / inclusion / engagement lead (Manager-Director),mid
SSM Health St. Mary's Hospital Madison,wha.org,healthcare,,values_match,https://wha.org/data-publications/reports/quality/2026/ssm-health-st-marys-hospital-madison,2026,,,,,queued,,,,,,,,,,,,values_match,,,,,,,voice,0,2,Safety Behaviors in Action: Every Voice Matters; improved reporting of safety events and near-miss identification,https://wha.org/data-publications/reports/quality/2026/ssm-health-st-marys-hospital-madison,2026,snippet,other,V2,L&D / People / inclusion / engagement lead (Manager-Director),large
SCA Health,beckersasc.com,healthcare,,values_match,https://www.beckersasc.com/hospital-management-administration/how-sca-health-is-hardwiring-psychological-safety-into-asc-culture/,2025,,,,,queued,,,,,,,"date month unconfirmed, year assumed from search",,,,,values_match,,,,,,,voice,0,3,CNO has focused on psychological safety since 2019; Becker's interview says it is paying off in engagement and nurse retention,https://www.beckersasc.com/hospital-management-administration/how-sca-health-is-hardwiring-psychological-safety-into-asc-culture/,2025,snippet,earned_media,V2,L&D / People / inclusion / engagement lead (Manager-Director),large
Trinity Logistics,trinitylogistics.com,logistics,,values_match,https://trinitylogistics.com/blog/big-ideas-bloom-at-trinitys-inaugural-week-of-wonder,2025,,,,,queued,,,,,,,,,,,,values_match,,,,,,,voice,0,2,Week of Wonder: team members across departments develop solutions improving operations; finalists pitched to judges,https://trinitylogistics.com/blog/big-ideas-bloom-at-trinitys-inaugural-week-of-wonder,2025,snippet,company_newsroom,V2,L&D / People / inclusion / engagement lead (Manager-Director),mid
IMEG,imegcorp.com,engineering,,values_match,https://imegcorp.com/news_events/imegs-idea-program-named-an-aec-innovator-finalist-vote-today/,2025,,,,,queued,,,,,,,,,,,,values_match,,,,,,,voice,0,2,IMEG's IDEA Program named gold in inaugural AEC Innovators Award,https://imegcorp.com/news_events/imegs-idea-program-named-an-aec-innovator-finalist-vote-today/,2025,snippet,award_list,V2,L&D / People / inclusion / engagement lead (Manager-Director),large
Larimer County CO,larimer.gov,government,,values_match,https://www.larimer.gov/hr/employee-relations/employee-recognition/innovation-awards-program,2026-04,,,,,queued,,,,,,,,,,,,values_match,,,,,,,voice,0,2,"2026 Innovation Awards: employees apply Apr 14-May 14, 2026; up to $10,000 awards presented by Commissioners",https://www.larimer.gov/hr/employee-relations/employee-recognition/innovation-awards-program,2026-04,snippet,other,V2,L&D / People / inclusion / engagement lead (Manager-Director),mid
City of Irving TX,whatworkscities.bloomberg.org,government,,values_match,https://whatworkscities.bloomberg.org/cities/irving-texas-usa/irving-texas-usa-empowering-city-employees-to-experiment-and-learn/,2025,,,,,queued,,,,,,,,,,,,values_match,,,,,,,voice,0,2,"Innovation Grants Program lets employees apply up to $25,000 to test ideas; Innovation Academy",https://whatworkscities.bloomberg.org/cities/irving-texas-usa/irving-texas-usa-empowering-city-employees-to-experiment-and-learn/,2025,snippet,other,V2,L&D / People / inclusion / engagement lead (Manager-Director),mid
Mercatus,mercatus.com,tech/grocery,,values_match,https://www.mercatus.com/newsroom/hackathon-relieves-grocery-ecommerce-pain-points/,2026-04,,,,,queued,,,,,,,"year inferred from URL, weak; non-US(Canada)",,,,,values_match,,,,,,,voice,0,2,"hackathon: 33 employees from Toronto office took part, nine prizes given including three innovation awards",https://www.mercatus.com/newsroom/hackathon-relieves-grocery-ecommerce-pain-points/,2026-04,snippet,company_newsroom,V2,L&D / People / inclusion / engagement lead (Manager-Director),mid
One Brooklyn Health,onebrooklynhealth.org,healthcare,,values_match,https://onebrooklynhealth.org/events/2026/january/black-history-month,2026-02,,,,,queued,,,,,,,,,,,,values_match,,,,,,,credit,2,1,"Black History Month awards event February 27, 2026 to recognize and celebrate the remarkable achievements of our employees",https://onebrooklynhealth.org/events/2026/january/black-history-month,2026-02,snippet,other,V1,L&D / People / inclusion / engagement lead (Manager-Director),
San Jose Water (H2O America),sjwater.com,utilities,,values_match,https://www.sjwater.com/our-company/news-media/press-releases/sjw-reports-strong-supplier-diversity-performance-in-2025/,2026-04,,,,,queued,,,,,,,,,,,,values_match,,,,,,,both,2,2,"38.7% of total procurement spend in 2025 was with diverse suppliers, sixth among California regulated utilities",https://www.sjwater.com/our-company/news-media/press-releases/sjw-reports-strong-supplier-diversity-performance-in-2025/,2026-04,snippet,press_release,BOTH,L&D / People / inclusion / engagement lead (Manager-Director),
Riverside Research,riversideresearch.org,defense research,,values_match,https://www.prnewswire.com/news-releases/northern-virginia-chamber-nvc-awards-veteran-employee-resource-group-of-the-year-to-riverside-research-302586732.html,2025-10,,,,,queued,,,,,,,,,,,,values_match,,,,,,,credit,2,1,Veterans' Employee Resource Group won Veteran ERG of the Year; delivered more than 50 personal letters of gratitude,https://www.prnewswire.com/news-releases/northern-virginia-chamber-nvc-awards-veteran-employee-resource-group-of-the-year-to-riverside-research-302586732.html,2025-10,snippet,press_release,V1,L&D / People / inclusion / engagement lead (Manager-Director),
Swinerton,swinerton.com,construction,,values_match,https://swinerton.com/news-and-insights/black-history-month-at-swinerton-celebrating-the-achievements-contributions-of-black-employees/,2026-02,,,,,queued,,,,,,,date inferred from 2026 results; verify,,,,,values_match,,,,,,,credit,2,1,Black History Month at Swinerton: Celebrating the Achievements & Contributions of Black Employees,https://swinerton.com/news-and-insights/black-history-month-at-swinerton-celebrating-the-achievements-contributions-of-black-employees/,2026-02,snippet,company_newsroom,V1,L&D / People / inclusion / engagement lead (Manager-Director),
The Weitz Company,weitz.com,construction,,values_match,https://www.weitz.com/black-history-month-in-construction-expanding-opportunity-and-building-a-more-inclusive-industry/,2026-02-26,,,,,queued,,,,,,,,,,,,values_match,,,,,,,credit,3,2,"Feb 26, 2026 blog by inclusion and community impact lead on Black workers who built America's infrastructure",https://www.weitz.com/black-history-month-in-construction-expanding-opportunity-and-building-a-more-inclusive-industry/,2026-02-26,snippet,company_newsroom,V1,L&D / People / inclusion / engagement lead (Manager-Director),
Brown and Caldwell,brownandcaldwell.com,engineering,,values_match,https://brownandcaldwell.com/?p=29929,2026-02,,,,,queued,,,,,,,date unverified,,,,,values_match,,,,,,,credit,2,1,Asked employees what inspired them to become engineers; shared six employee stories for Black History Month,https://brownandcaldwell.com/?p=29929,2026-02,snippet,company_newsroom,V1,L&D / People / inclusion / engagement lead (Manager-Director),
Infrastructure Engineering Inc (IEI),infrastructure-eng.com,engineering,,values_match,https://www.infrastructure-eng.com/news/iei-celebrates-black-history-month-3/,2026-01-30,,,,,queued,,,,,,,,,,,,values_match,,,,,,,credit,2,1,"Jan 30, 2026 post on 100 years since Woodson's first national Black history effort",https://www.infrastructure-eng.com/news/iei-celebrates-black-history-month-3/,2026-01-30,snippet,company_newsroom,V1,L&D / People / inclusion / engagement lead (Manager-Director),
UTMB (Univ of Texas Medical Branch),utmb.edu,healthcare/education,,values_match,https://events.utmb.edu/event/juneteenth-celebration-hosted-by-the-black-employees-resource-group-at-utmb,2026-06,,,,,queued,,,,,,,,,,,,values_match,,,,,,,credit,2,1,"Juneteenth Celebration hosted by the Black Employees Resource Group, June 18, 2026",https://events.utmb.edu/event/juneteenth-celebration-hosted-by-the-black-employees-resource-group-at-utmb,2026-06,snippet,other,V1,L&D / People / inclusion / engagement lead (Manager-Director),
City of Charlotte,charlottenc.gov,government,,values_match,https://www.charlottenc.gov/City-News/Charlatinos-City-of-Charlotte-Employee-Resource-Network?oc_lang=eo,2025-10,,,,,queued,,,,,,,,,,,,values_match,,,,,,,credit,2,1,"Charlatinos employee network for Latin American employees to connect, network and celebrate cultures; published Oct 15, 2025",https://www.charlottenc.gov/City-News/Charlatinos-City-of-Charlotte-Employee-Resource-Network?oc_lang=eo,2025-10,snippet,company_newsroom,V1,L&D / People / inclusion / engagement lead (Manager-Director),
WorkQuest (Goodwill affiliate),workquest.com,nonprofit,,values_match,https://workquest.com/workquest-attends-the-2026-goodwill-annual-board-meeting-recognition-dinner/,2026-04-02,,,,,queued,,,,,,,,,,,,values_match,,,,,,,credit,2,1,Goodwill annual recognition dinner honored Achiever of the Year and Graduate of the Year who shared stories of growth,https://workquest.com/workquest-attends-the-2026-goodwill-annual-board-meeting-recognition-dinner/,2026-04-02,snippet,company_newsroom,V1,L&D / People / inclusion / engagement lead (Manager-Director),
Washington Trust,washtrust.com,finance,,values_match,https://www.washtrust.com/news/washington-trust-recognizes-employees-at-annual-celebration,2026,,,,,queued,,,,,,,date unverified,,,,,values_match,,,,,,,credit,2,0,Washington Trust recognizes employees at annual celebration,https://www.washtrust.com/news/washington-trust-recognizes-employees-at-annual-celebration,2026,snippet,company_newsroom,V1,L&D / People / inclusion / engagement lead (Manager-Director),
Sisk,sisk.com,construction,,values_match,https://sisk.com/news/sisk-launches-inaugural-inclusion-and-belonging-impact-report-2025-amy-martin-edi-partner-reflects-on-a-year-of-progress-and-impact,2025,,,,,queued,,,,,,,Ireland/UK,,,,,values_match,,,,,,,credit,2,1,Sisk launches inaugural Inclusion and Belonging Impact Report 2025,https://sisk.com/news/sisk-launches-inaugural-inclusion-and-belonging-impact-report-2025-amy-martin-edi-partner-reflects-on-a-year-of-progress-and-impact,2025,snippet,impact_report,V1,L&D / People / inclusion / engagement lead (Manager-Director),
Red Ventures,redventures.com,media/tech,,values_match,https://www.redventures.com/diversity/2025-dei-report,2025,,,,,queued,,,,,,,,,,,,values_match,,,,,,,credit,2,1,"2025 DEI report breaks down belonging survey results; each ERG has $15,000 budget",https://www.redventures.com/diversity/2025-dei-report,2025,snippet,impact_report,V1,L&D / People / inclusion / engagement lead (Manager-Director),
Vertiv,vertiv.com,manufacturing,,values_match,https://www.sec.gov/Archives/edgar/data/1674101/000167410126000008/vrt-20251231.htm,2026-02,,,,,queued,,,,,,,FY2025 10-K; quarterly town halls,,,,,values_match,,,,,,,credit,2,1,"CEO Award given weekly by the CEO to recognize individuals who unlock customer value, overcome challenges, or produce lasting results",https://www.sec.gov/Archives/edgar/data/1674101/000167410126000008/vrt-20251231.htm,2026-02,snippet,10-K,V1,L&D / People / inclusion / engagement lead (Manager-Director),large
Olin Corp,olin.com,chemicals,,values_match,https://www.sec.gov/Archives/edgar/data/74303/000007430326000027/oln-20251231.htm,2026-02,,,,,queued,,,,,,,FY2025 10-K,,,,,values_match,,,,,,,credit,2,1,"Leaders gave more than 4,500 recognition awards in 2025; peer-to-peer Impressions totaled more than 9,000",https://www.sec.gov/Archives/edgar/data/74303/000007430326000027/oln-20251231.htm,2026-02,snippet,10-K,V1,L&D / People / inclusion / engagement lead (Manager-Director),large
Lear Corp,lear.com,automotive,,values_match,https://www.sec.gov/Archives/edgar/data/842162/000084216226000011/lear-20251231.htm,2026-02,,,,,queued,,,,,,,FY2025 10-K; continuous feedback,,,,,values_match,,,,,,,credit,2,1,"Champions of Lear recognition program honors teams for operational excellence, innovation and cultural leadership",https://www.sec.gov/Archives/edgar/data/842162/000084216226000011/lear-20251231.htm,2026-02,snippet,10-K,V1,L&D / People / inclusion / engagement lead (Manager-Director),large
MetLife,metlife.com,insurance,,values_match,https://sustainabilityreport.metlife.com/for-our-colleagues/supportive-culture/,2026,,,,,queued,,,,,,,2025 Sustainability Report,,,,,values_match,,,,,,,credit,2,1,introduced the New Frontier Game Changer program to encourage peer-to-peer recognition of employees who demonstrate key New Frontier behaviors,https://sustainabilityreport.metlife.com/for-our-colleagues/supportive-culture/,2026,snippet,impact_report,V1,L&D / People / inclusion / engagement lead (Manager-Director),large
HaloMD,halomd.com,healthcare services,,values_match,https://www.prnewswire.com/news-releases/halomd-earns-2026-great-place-to-work-certification-with-89-of-employees-confirming-its-a-great-place-to-work-302778077.html,2026,,,,,queued,,,,,,,,,,,,values_match,,,,,,,credit,2,0,"HaloMD invests in its people through mental health resources, career development, peer-driven recognition programs",https://www.prnewswire.com/news-releases/halomd-earns-2026-great-place-to-work-certification-with-89-of-employees-confirming-its-a-great-place-to-work-302778077.html,2026,snippet,press_release,V1,L&D / People / inclusion / engagement lead (Manager-Director),mid
PruittHealth,pruitthealth.com,senior care,,values_match,https://www.globenewswire.com/news-release/2026/05/14/3295283/0/en/pruitthealth-certified-as-a-great-place-to-work-for-fifth-consecutive-year.html,2026-05-14,,,,,queued,,,,,,,GA-based,,,,,values_match,,,,,,,both,2,2,"leaders focused on listening, recognition, and day-to-day support; employee partners help shape improvements in communication, training, and resources",https://www.globenewswire.com/news-release/2026/05/14/3295283/0/en/pruitthealth-certified-as-a-great-place-to-work-for-fifth-consecutive-year.html,2026-05-14,snippet,press_release,BOTH,L&D / People / inclusion / engagement lead (Manager-Director),large
e4health,e4health.com,healthcare IT,,values_match,https://www.prnewswire.com/news-releases/e4health-earns-2026-2027-great-place-to-work-certification-for-fifth-consecutive-year-302822555.html,2026-07-14,,,,,queued,,,,,,,CEO Van Doren quote,,,,,values_match,,,,,,,voice,0,2,employee-led Culture Council and year-round team connection,https://www.prnewswire.com/news-releases/e4health-earns-2026-2027-great-place-to-work-certification-for-fifth-consecutive-year-302822555.html,2026-07-14,snippet,press_release,V2,L&D / People / inclusion / engagement lead (Manager-Director),small
Welldoc,welldoc.com,digital health,,values_match,https://www.businesswire.com/news/home/20260630152827/en/Welldoc-Recognized-by-Modern-Healthcare-as-One-of-the-Best-Places-to-Work-in-Healthcare-for-Second-Consecutive-Year,2026-06-30,,,,,queued,,,,,,,weak,,,,,values_match,,,,,,,voice,0,2,Our employees are the engine of our innovation,https://www.businesswire.com/news/home/20260630152827/en/Welldoc-Recognized-by-Modern-Healthcare-as-One-of-the-Best-Places-to-Work-in-Healthcare-for-Second-Consecutive-Year,2026-06-30,snippet,press_release,V2,L&D / People / inclusion / engagement lead (Manager-Director),mid
GSK,gsk.com,pharma,,values_match,https://careers.nsbe.org/job/director-us-inclusion-belonging/82830831,2026-03-06,,,,,queued,,,,,,,job posting via NSBE board,,,,,values_match,,,,,,,credit,2,0,"Director, US Inclusion & Belonging; works with executive leadership and HR to assess programs that foster belonging",https://careers.nsbe.org/job/director-us-inclusion-belonging/82830831,2026-03-06,snippet,job_posting,V1,L&D / People / inclusion / engagement lead (Manager-Director),large
Kemper,kemper.com,insurance,,values_match,https://www.glassdoor.com/Updates/Kemper-Company-Updates-E3676.htm,2026,,,,,queued,,,,,,,BHM and Juneteenth posts; date approximate,,,,,values_match,,,,,,,credit,2,0,Kemper honors the achievements and contributions of the Black-American community,https://www.glassdoor.com/Updates/Kemper-Company-Updates-E3676.htm,2026,snippet,company_newsroom,V1,L&D / People / inclusion / engagement lead (Manager-Director),large
Belden,belden.com,manufacturing,,values_match,https://briefglance.com/companies/belden-inc/pulses/75726,2026,,,,,queued,,,,,,,,,,,,values_match,,,,,,,credit,2,0,Belden wins two 2026 GEN IMPACT Awards for Employee Resource Groups,https://briefglance.com/companies/belden-inc/pulses/75726,2026,snippet,award_list,V1,L&D / People / inclusion / engagement lead (Manager-Director),mid
Fortune Brands Innovations,fbin.com,building products,,values_match,https://builtin.com/company/fortune-brands-innovations-2/faq/culture-values,2026,,,,,queued,,,,,,,date uncertain,,,,,values_match,,,,,,,credit,2,0,"SOAR program recognizes employees through social recognition, monetary awards; annual Elevate Award honors teams",https://builtin.com/company/fortune-brands-innovations-2/faq/culture-values,2026,snippet,company_newsroom,V1,L&D / People / inclusion / engagement lead (Manager-Director),large
Minitab,globenewswire.com,tech,,values_match,https://www.globenewswire.com/news-release/2026/09/09/3358760/0/en/minitab-named-one-of-fast-company-s-best-workplaces-for-innovators-and-wins-ai-excellence-honor.html,2026-09,,,,,queued,,,,,,,,,,,,values_match,,,,,,,voice,0,2,"recognition reflects investment in giving teams the trust, resources, and opportunity to develop ideas",https://www.globenewswire.com/news-release/2026/09/09/3358760/0/en/minitab-named-one-of-fast-company-s-best-workplaces-for-innovators-and-wins-ai-excellence-honor.html,2026-09,snippet,press_release,V2,L&D / People / inclusion / engagement lead (Manager-Director),mid
Lotte E&C,biz.heraldcorp.com,construction,,values_match,https://biz.heraldcorp.com/article/10787747,2026-06,,,,,queued,,,,,,,non-US (Korea),,,,,values_match,,,,,,,voice,0,2,Smart Safety Contest: 92 ideas submitted by employees; top picks to be piloted at construction sites,https://biz.heraldcorp.com/article/10787747,2026-06,snippet,earned_media,V2,L&D / People / inclusion / engagement lead (Manager-Director),large
Balfour Beatty,balfourbeatty.com,construction,,values_match,https://www.balfourbeatty.com/media-centre/latest/balfour-beattys-my-contribution-programme-features-in-the-chartered-institute-of-building/,2025-04,,,,,queued,,,,,,,non-US (UK),,,,,values_match,,,,,,,voice,0,2,"My Contribution programme: over 15,000 ideas submitted, 25% implemented by April 2025; 2024 savings 3.2M GBP",https://www.balfourbeatty.com/media-centre/latest/balfour-beattys-my-contribution-programme-features-in-the-chartered-institute-of-building/,2025-04,snippet,company_newsroom,V2,L&D / People / inclusion / engagement lead (Manager-Director),large
Valley Health,beckershospitalreview.com,healthcare,,values_match,https://www.beckershospitalreview.com/hospital-management-administration/how-83-c-suite-leaders-are-navigating-staffing-challenges/,2026-04,,,,,queued,,,,,,,,,,,,values_match,,,,,,,voice,0,3,"CEO described three years of feedback surveys producing action, incl. caregiver well-being committee on psychological safety",https://www.beckershospitalreview.com/hospital-management-administration/how-83-c-suite-leaders-are-navigating-staffing-challenges/,2026-04,snippet,earned_media,V2,L&D / People / inclusion / engagement lead (Manager-Director),large
Material Security,material.security,tech,,values_match,https://www.material.security/resources/hack-week-2025-recap,2025-08,,,,,queued,,,,,,,,,,,,values_match,,,,,,,voice,0,2,"Hack Week 2025: five days on whatever staff choose, cross-functional pods",https://www.material.security/resources/hack-week-2025-recap,2025-08,snippet,company_newsroom,V2,L&D / People / inclusion / engagement lead (Manager-Director),mid
HackerOne,hackerone.com,tech,,values_match,https://www.hackerone.com/culture-and-talent/how-hackerone-organizes-remote-hack-week,2025,,,,,queued,,,,,,,,,,,,values_match,,,,,,,voice,0,2,"annual remote hack week, 2025 AI theme; employees collaborate across teams on new ideas",https://www.hackerone.com/culture-and-talent/how-hackerone-organizes-remote-hack-week,2025,snippet,company_newsroom,V2,L&D / People / inclusion / engagement lead (Manager-Director),mid
Washington Gas,washingtongas.com,utilities,,values_match,https://www.washingtoninformer.com/?p=1244075,2026-02,,,,,queued,,,,,,,,,,,,values_match,,,,,,,credit,3,2,Each week during February 2026 we will profile one of our employees,https://www.washingtoninformer.com/?p=1244075,2026-02,snippet,company_newsroom,V1,L&D / People / inclusion / engagement lead (Manager-Director),
"Bass, Berry & Sims",bassberry.com,professional services,,values_match,https://www.bassberry.com/black-history-month-qa-2026/,2026-02,,,,,queued,,,,,,,,,,,,values_match,,,,,,,credit,2,1,Black History Month Q&A 2026 featuring associate and accounts payable specialist,https://www.bassberry.com/black-history-month-qa-2026/,2026-02,snippet,company_newsroom,V1,L&D / People / inclusion / engagement lead (Manager-Director),
BLG (Borden Ladner Gervais),blg.com,professional services,,values_match,https://www.blg.com/en/about-us/events/2026/02/black-history-month-2026-celebrating-the-achievements-of-lawyers-who-inspire-change,2026-02-26,,,,,queued,,,,,,,Canada,,,,,values_match,,,,,,,credit,2,1,"Feb 26, 2026 webinar honoring careers of three lawyers for Black History Month",https://www.blg.com/en/about-us/events/2026/02/black-history-month-2026-celebrating-the-achievements-of-lawyers-who-inspire-change,2026-02-26,snippet,company_newsroom,V1,L&D / People / inclusion / engagement lead (Manager-Director),
GLS Canada,gls-group.com,logistics,,values_match,https://gls-group.com/CA/en/voices-of-gls/black-history-2026/,2026-02,,,,,queued,,,,,,,Canada,,,,,values_match,,,,,,,both,2,2,Feb 2026 post: leadership reflect on Black figures; ties grit to drivers and dispatchers,https://gls-group.com/CA/en/voices-of-gls/black-history-2026/,2026-02,snippet,company_newsroom,BOTH,L&D / People / inclusion / engagement lead (Manager-Director),
Southeastern Grocers (Winn-Dixie),winndixie.com,retail,,values_match,https://www.businesswire.com/news/home/20250203924979/en,2025-02,,,,,queued,,,,,,,,,,,,values_match,,,,,,,credit,2,1,celebrating the achievements of its associates and community members during Black History Month,https://www.businesswire.com/news/home/20250203924979/en,2025-02,snippet,press_release,V1,L&D / People / inclusion / engagement lead (Manager-Director),
Pella Corporation,pella.com,manufacturing,,values_match,https://de.glassdoor.ch/Updates/Pella-Company-Updates-E3713_P10.htm,2026-02,,,,,queued,,,,,,,glassdoor update page; date approximate,,,,,values_match,,,,,,,credit,2,0,celebrates the innovation and resilience Black professionals bring to its workforce,https://de.glassdoor.ch/Updates/Pella-Company-Updates-E3713_P10.htm,2026-02,snippet,company_newsroom,V1,L&D / People / inclusion / engagement lead (Manager-Director),
Lamar CISD,lcisd.org,education,,values_match,https://meetings.boardbook.org/Documents/DownloadPDF/163eb634-1174-4e12-acf4-c46e54180546?org=2273,2026-01-20,,,,,queued,,,,,,,,,,,,values_match,,,,,,,credit,2,0,"Board of trustees recognized February 2026 as Black History Month, Jan 20, 2026",https://meetings.boardbook.org/Documents/DownloadPDF/163eb634-1174-4e12-acf4-c46e54180546?org=2273,2026-01-20,snippet,other,V1,L&D / People / inclusion / engagement lead (Manager-Director),
Northwest Regional ESD (OR),nwresd.org,education,,values_match,https://www.nwresd.org/home/showpublisheddocument/3394/639046846265130000,2026-01,,,,,queued,,,,,,,,,,,,values_match,,,,,,,credit,2,1,Board resolution Jan 2026 recognizes February as Black History Month; commits to recruiting and retaining Black educators,https://www.nwresd.org/home/showpublisheddocument/3394/639046846265130000,2026-01,snippet,other,V1,L&D / People / inclusion / engagement lead (Manager-Director),
Delta Group (insurance),deltagroup.net,finance/insurance,,values_match,https://www.deltagroup.net/blog-posts/honoring-black-history-month-building-a-more-inclusive-insurance-industry,2026-02-17,,,,,queued,,,,,,,,,,,,values_match,,,,,,,credit,2,1,"Feb 17, 2026 post on building a more inclusive insurance industry",https://www.deltagroup.net/blog-posts/honoring-black-history-month-building-a-more-inclusive-insurance-industry,2026-02-17,snippet,company_newsroom,V1,L&D / People / inclusion / engagement lead (Manager-Director),
