n,company_domain,sector,approx_employees,contact_name_title_source,function,seniority,bhm_owner,bhm_evidence_18mo,safety_evidence,email_type_and_flags,recommended_positioning,positioning_reason,confidence,proposed_test_arm,recommendation,poor_fit_flag,searches_used,pages_opened
1,Clifford Chance / cliffordchance.com,professional services,"~10,408 (Revelio Labs, Sep 2025; third-party estimates range 2,500-10,000+) (snippet, not opened) https://www.reveliolabs.com/companies/clifford-chance/employees",Dk Bartley | Global Head of Inclusion and Wellbeing | Lusha record (dk.bartley@cliffordchance.com),DEI & inclusion,Director,unknown (title itself is Global Head of Inclusion and Wellbeing; not confirmed on a page). UK REACH network named in snippet,"Weak. US Black Affinity Group Black History Month celebration in 2026 per Vault profile (snippet, not opened) https://vault.com/company-profiles/law/clifford-chance-us-llp/why-work-here-benefits/programs-and-initiatives (no exact date). Firm pages on BHM podcast/REACH undated: https://cliffordchance.com/careers/working-at-clifford-chance/the-clifford-chance-careers-podcast/celebrating-culture-black-history-month-uk.html. Only dated UK event found is Oct 2023 (outside window).",none found,"Named work email (first.last@cliffordchance.com), matches name and company domain; single email",BHM-first,"BHM-first: the title owns inclusion and the firm has a Black affinity group and REACH network, but safety is irrelevant for a law firm.",Medium,none,"SKIP: law firm, weaker fit than the target buyer set",no,2,0
2,Cato Networks / catonetworks.com,tech,"~1,770 (Revelio Labs, Dec 2025; other sources 673-1,282) (snippet, not opened) https://www.reveliolabs.com/companies/cato-networks/employees/",Jordana Shapiro | Senior Director of Global Organizational Development and Learning | Lusha record (jordana.shapiro@catonetworks.com),L&D,Director,unknown,none found (search returned only other companies),none found,"Named work email (first.last@catonetworks.com), matches name and domain; single email",BHM-first,"BHM-first as default: L&D head at a tech firm with no evidence either way; positioning is a default, not evidence-based.",Low,none,"SKIP: tech, no evidence, weaker fit",no,2,0
3,Allegis Group / allegisgroup.com,professional services,"~23,987 (Revelio Labs, Dec 2025; Wikipedia 19,000 in 2018) (snippet, not opened) https://www.reveliolabs.com/companies/allegis-group/employees/",Kimberly Chmiel | Learning and Organization Development Program Manager | Lusha record (kchmiel@allegisgroup.com),L&D,Manager,unknown,"none found for 2025+. Only a general diversity page https://www.allegisgroup.com/about/diversity and a 2016 CSR report citing 50+ ERGs (too old) https://www.sustainabilityreports.com/allegis-group/2016/corporate-social-responsibility-report (snippet, not opened)",none found,"Named work email (initial+last, kchmiel@allegisgroup.com), matches name and domain; single email",BHM-first,"BHM-first as default: staffing firm L&D manager, ERG history exists but is old; positioning is a default, not evidence-based.",Low,none,"SKIP: staffing, weaker fit",no,2,0
4,Hoya Vision Care / hoyavision.com,manufacturing,not found,Lori Anne Davis | Director of Talent Acquisition and Employee Engagement | Lusha record (lori.davis@hoya.com),HR / People (talent acquisition and employee engagement; closest category HR),Director,unknown,none found,"Partial: Hoya Group risk management guidelines for occupational safety and health cited on a Steelcase-hosted reprint  (snippet, not opened) https://educationsurvey.steelcase.com/safety/hoya-safety.html (third party, undated); Hoya's SafeVision unit sells safety eyewear (product, not internal culture)","Named work email, matches name but domain is hoya.com vs Lusha company domain hoyavision.com (parent domain, not a real mismatch); single email",BHM + safety angle,"BHM + safety angle: manufacturer with a stated occupational safety framework and an engagement-focused HR title, though no BHM evidence was found.",Low,1,DRAFT-ELIGIBLE after split approval,no,2,0
5,Enviva / envivabiomass.com,manufacturing (wood pellet / biomass; utilities & energy adjacent),"~730 (Revelio Labs, Dec 2025) (snippet, not opened) https://www.reveliolabs.com/companies/enviva-lp/employees/ ; Enviva boilerplate said 1,300+ (older)","Jason Jay Redmond | Director of Talent and Organizational Effectiveness | Lusha record (jason.redmond@envivabiomass.com, jason.redmond@mastec.com)",L&D (talent and organizational effectiveness; HR),Director,unknown,none found,"Partial: Enviva job postings for EHS Manager and Safety Training Manager (LOTO, confined space) https://builtin.com/job/ehs-manager/7889377 (snippet, not opened) (intent, not program proof)","Two emails: jason.redmond@envivabiomass.com (matches company) and jason.redmond@mastec.com (different company domain; possibly a later employer, so Enviva role/currency is uncertain). Both named work emails. Name has 'Jay' in LinkedIn URL, minor. Enviva went Chapter 11 Mar 2024 per snippet; verify he is still there.",safety-first,"safety-first: industrial plants with visible safety hiring, no BHM evidence; but verify employer first.",Low,none,HOLD: Chapter 11 (Mar 2024 snippet) and second email at mastec.com; verify employer first,no,2,0
6,Exela Pharma Sciences LLC / exelapharma.com,manufacturing (pharmaceutical),"~320 (NC Biotech Center article, undated) (snippet, not opened) https://www.ncbiotech.org/news/lenoirs-exela-pharma-sciences-delivers-injectables-and-american-dream ; Prospeo 201-500",Celeste C Brantolino | Senior Director of Learning and Development | Lusha record (cbrantolino@exela.us),L&D,Director,unknown,none found,none found,"Named work email (initial+last, cbrantolino@exela.us), matches name; domain exela.us differs from Lusha domain exelapharma.com (likely sister domain, unverified); single email",safety-first,"safety-first as default: pharma plant manufacturing site, L&D lead; positioning is a default, not evidence-based.",Low,none,"HOLD: ~320 employees, below the 500 floor",no,2,0
7,Precision Drilling / precisiondrilling.com,utilities & energy (oil & gas drilling),"~5,500 (Macrotrends 2024: 5,504; PitchBook 5,245); Revelio 3,543 Sep 2025 - snippet, not opened. https://macrotrends.net/stocks/charts/PDS/precision-drilling/number-of-employees","Susan Mcdonald Anderson | Director of Talent Management, Learning, and Field Development | Lusha record (susan.anderson@precisiondrilling.com)",L&D,Director,unknown,none found,"Target Zero safety program (snippet, not opened): https://www.precisiondrilling.com/careers/target-zero-training/ ; HOP approach and field trainer/coach roles in job postings (snippet, not opened) https://jobs.precisiondrilling.com/job/Brighton-Field-Training-Coach-CO-80603/1399473900/","1 email: named work email (susan.anderson@precisiondrilling.com); name matches, domain matches company domain.",safety-first,"safety-first: Target Zero and field-coaching programs are the only evidence found, and no BHM/ERG evidence was found.",Medium,2,DRAFT-ELIGIBLE after split approval,no,1,0
8,American Tire Distributors / atd.com,logistics & distribution,"~3,100-5,000: Wikipedia ~5,000 (2024) https://en.wikipedia.org/wiki/American_Tire_Distributors ; Revelio 3,126 Sep 2025 https://www.reveliolabs.com/companies/american-tire-distributors-inc/employees (snippets, not opened)",Darren Wilson | Director of Learning and Development | Lusha record (dwwilson@atd-us.com),L&D,Director,unknown,none found,"Sr. Director of Safety and Security job posting (snippet, not opened): https://careers.atd-us.com/job/sr-director-safety-and-business-support/J3M6N45Z3JQGVYBRJN4","1 email: named work email (dwwilson@atd-us.com); initials+surname format consistent with name; email domain atd-us.com differs from company domain atd.com (likely corporate alternate domain, unverified).",safety-first,"safety-first: distribution/delivery workforce with a dedicated safety leadership role, and no BHM/ERG evidence found.",Medium,2,DRAFT-ELIGIBLE after split approval,no,1,0
9,Luminis Health / luminishealth.org,healthcare,"6,900+ employees, FY2024 fact sheet (company), https://www.luminishealth.org/sites/default/files/2025-05/Facts-Figures-Slides-03042025.pdf (snippet, not opened; figure cited from Luminis fact sheets, FY2024 sheet is 2024-01 PDF)","Brad Romig | Director of Learning and Organizational Development | Lusha record (brad.romig@slu.edu, bromig@luminishealth.org)",L&D,Director,"unknown (a Luminis exec, Tamiko Stanley, described as building business resource groups per Daily Record 2023 snippet: https://thedailyrecord.com/2023/03/24/tamiko-stanley-luminis-health/ ; current role not verified)","none found within 18 months. Only a June 2020 Juneteenth CEO message (too old): https://www.luminishealth.org/en/blog/ceo-message-reflections-on-juneteenth (snippet, not opened)",none found,"2 emails: bromig@luminishealth.org = named work email, domain matches luminishealth.org; brad.romig@slu.edu = work email at a different organization (slu.edu, likely prior employer/university), domain mismatch, probably stale. Use the luminishealth.org address.",BHM-first,"BHM-first: healthcare employer with a history of Juneteenth/equity messaging and business resource groups, though nothing recent was found (weak, dated evidence).",Low,1,DRAFT-ELIGIBLE after split approval,no,1,0
10,ŌURA / ouraring.com,tech (consumer wearables; Lusha says manufacturing),"~1,400 (Revelio, Sep 2025) https://www.reveliolabs.com/companies/oura-health/employees ; TrueUp ~1,000 (snippets, not opened)",Stacey Helstrom | Director of Employee Learning and Development | Lusha record (stacey.helstrom@ouraring.com),L&D,Director,unknown,none found (first search errored; second search returned only headcount),none found,"1 email: named work email (stacey.helstrom@ouraring.com); name matches, domain matches.",BHM-first,"BHM-first: default, not evidence-based; no safety or operations-culture evidence found and a tech/wearables firm is unlikely to be safety-led.",Low,2,DRAFT-ELIGIBLE after split approval,no,2,0
11,Border States / borderstates.com,"logistics & distribution (electrical distributor; page does not state sector, wholesale-distribution inferred only from Lusha hint)","2,700+ employee-owners (company page, opened, undated; 2026 footer): https://solutions.borderstates.com/news/border-states-establishes-employee-owner-resource-groups/",Kristi Richman | Director of Learning and Development | Lusha record (krichman@borderstates.com),L&D,Director,"Donise Farmer, Director of Diversity, Equity and Inclusion (same page, undated)","ERGs exist (Women's Experience, Multicultural Experience) but page is undated and does not mention BHM or Juneteenth: https://solutions.borderstates.com/news/border-states-establishes-employee-owner-resource-groups/ ; no dated evidence within 18 months","none found (page mentions only a 'safe, welcoming' culture and an EAP mental-health talk, not a safety program)",1 email: named work email (krichman@borderstates.com); first initial+surname consistent; domain matches.,BHM-first,"BHM-first: the company has a Multicultural ERG and a named DEI director, which is the best-fit hook, though the page is undated.",Medium,2,DRAFT-ELIGIBLE after split approval,no,1,1
12,Window Nation / windownation.com,construction & engineering (home improvement/window installation),"~1,034 (Revelio, Dec 2025) https://www.reveliolabs.com/companies/window-nation/employees/ ; other sources 472-1,000 (snippets, not opened)",Heather Roby | Director of Learning and Development | Lusha record (hroby@windownation.com),L&D,Director,unknown,none found,none found,1 email: named work email (hroby@windownation.com); first initial+surname consistent; domain matches.,safety-first,"safety-first: default, not evidence-based; installer workforce suggests an operations angle, but no safety or BHM evidence was found.",Low,1,DRAFT-ELIGIBLE after split approval,no,1,0
13,Barings / barings.com,professional services (asset management/finance; Lusha says Finance; sector list has no finance option),"Estimates conflict: 4,589 (Revelio Labs, Sep 2025; snippet, not opened) https://www.reveliolabs.com/companies/barings/employees ; 2,141 (Built In, snippet, not opened) https://builtincharlotte.com/company/barings ; 2,000+ (Wikipedia, snippet, not opened) https://en.wikipedia.org/wiki/Barings_LLC. No official figure found.","Melodie Saunders | Managing Director, Global Head of Talent Management, Inclusion and Experience | Lusha record (melodie.saunders@barings.com)","DEI & inclusion / L&D (title: Global Head of Talent Management, Inclusion and Experience)",Director,Melodie Saunders herself is likely owner by title (title only; no page found confirming BHM ownership),"none found. Built In profile snippet says Barings offers diversity-based ERGs, undated, snippet, not opened: https://builtincharlotte.com/company/barings",none found,melodie.saunders@barings.com: named work email; name matches; domain matches company domain barings.com; single email,BHM-first,"BHM-first - title owns inclusion and ERGs reportedly exist (undated snippet), and no safety/ops evidence was found; office-based finance firm.",Medium,none,"SKIP: finance, weaker fit",no,1,0
14,Burris Logistics / burrislogistics.com,logistics & distribution,"Conflicting: 'over 950 Team Members across 15 locations' vs 'more than 2,000 employees' on company history page (snippet, not opened) https://www.burrislogistics.com/why-burris/history/ ; no date seen","Lawrence Dunford (Lusha lists last name as ""Leader"", a LinkedIn tagline) | Senior Director of Learning and Development | Lusha record (ldunford@burrislogistics.com)",L&D (Senior Director of Learning and Development),Director,unknown,none found,"Partial: ESG statement says safety monitoring is implemented in all facilities and leased fleet tractors (general practice, no named program; snippet, not opened) https://www.burrislogistics.com/responsibility/responsibility-statement/ . Also 2026 USA TODAY Top Workplaces award (snippet, not opened) https://airfreight.news/articles/full/burris-logistics-earns-prestigious-2026-usa-today-top-workplaces-award","ldunford@burrislogistics.com: named work email (initial+surname Dunford); domain matches burrislogistics.com. NAME FLAG: Lusha name field 'Lawrence Dunford Coach Change Leader' has first='Lawrence', last='Leader'; 'Coach Change Leader' is a LinkedIn tagline/headline text, not a surname. The email (l + dunford) and LinkedIn URL slug (lawrence-dunford-talent-development-executive) both indicate true name Lawrence Dunford. Use 'Lawrence' / 'Mr. Dunford', never 'Leader'. Single email.",safety-first,safety-first - logistics/distribution company with a stated safety-monitoring practice and an L&D owner; no BHM/ERG evidence found.,Medium,1,DRAFT-ELIGIBLE after split approval,no,1,0
15,Southern Farm Bureau Casualty Insurance Company / sfbcic.com,professional services (insurance; Lusha says Finance),"not reliably found: aggregators conflict (1,001-2,000 range; 97; 4) per whitebridge.ai snippet, not opened https://whitebridge.ai/contacts/companies/southern-farm-bureau-casualty-insurance-company-25123657 . Affiliate Southern Farm Bureau Life lists 944 (Built In, different entity) ",Jill Schmidt | Director of Employee Benefits and Engagement | Lusha record (jschmidt@sfbcic.com),HR / People (Director of Employee Benefits and Engagement),Director,unknown,"none found (Built In ERG mention is for the affiliated Life company, not this entity: https://builtin.com/company/southern-farm-bureau-life-insurance-company , snippet, not opened)",none found,jschmidt@sfbcic.com: named work email; initial+surname matches; domain matches sfbcic.com; single email,BHM-first,"BHM-first - default, not evidence-based; engagement-focused HR title, no safety evidence for an office insurer.",Low,none,"HOLD: headcount unreliable (aggregators 4 to 2,000), may be under 500",no,1,0
16,Belcorp / belcorp.biz,consumer goods (beauty direct selling; Lusha says Retail & Wholesale),"~11,300 (Revelio Labs, Sep 2025; snippet, not opened) https://www.reveliolabs.com/companies/belcorp-international-peru/employees ; other estimates 9,666-10,844; company wording 'over 7,500' appears dated",Bruna Maria Bocci Moreno | Executive Director of Corporate Talent and Culture | Lusha record (bbocci@belcorp.biz),HR / People (Executive Director of Corporate Talent and Culture),Director,unknown,"none found (first search errored with rate limit; Latin America-centred company, US BHM relevance unverified)",none found,bbocci@belcorp.biz: named work email; initial+first surname-part 'Bocci' matches; domain belcorp.biz matches Lusha company domain; single email (note belcorp.biz differs from belcorp.com the usual public site; not verified),BHM-first,"BHM-first - default, not evidence-based; talent and culture title, no safety or US-programming evidence found.",Low,none,"HOLD: Latin America-centred, US BHM relevance unverified",no,2,0
17,Campari Group / camparigroup.com,manufacturing (spirits/beverages),"~5,000 per company website (snippet, not opened) https://www.camparigroup.com/en/page/group ; Great Place To Work ~4,000 (Apr 2025, snippet, not opened) https://greatplacetowork.ch/en/employer/campari/",Jessica Buquicchio | Director of Employee Experience and Human Resources Operations | Lusha record (jessica.buquicchio@campari.com),HR / People (Director of Employee Experience and HR Operations),Director,unknown,none found (first search returned only generic Mercer/HCLTech results; one search errored),none found,"jessica.buquicchio@campari.com: named work email; name matches; EMAIL DOMAIN DIFFERS from Lusha company domain (campari.com vs camparigroup.com), likely same group but not verified; single email",BHM-first,"BHM-first - default, not evidence-based; employee-experience title with no safety or BHM evidence found.",Low,2,DRAFT-ELIGIBLE after split approval,no,2,0
18,The Greenbrier Companies / gbrx.com,manufacturing (railcar manufacturing),"~13,000 as of Aug 31, 2025 (Wikipedia, snippet, not opened) https://en.wikipedia.org/wiki/The_Greenbrier_Companies ; ~10,062 (Revelio, Dec 2025, snippet, not opened) https://www.reveliolabs.com/companies/greenbrier/employees/",Anna Vaught | Head of Learning and Development | Lusha record (anna.vaught@gbrx.com),L&D (Head of Learning and Development),Director,unknown,"Partial: eight ERGs including one for African American employees (snippet, not opened, undated) https://www.progressiverailroading.com/RailPrime/Details/At-Greenbrier-employee-resource-groups-serve-as-a-tool-to-celebrate-diversity--73250 and https://careers.gbrx.com/diversity . No BHM/Juneteenth event dated since Apr 2025 found.","Snippets, not opened: safety stated as core value, CEO calls it highest priority; recordable injury rate 1.23, DART 0.94 (year not seen) https://gbrx.com/?p=1743 ; https://www.gbrx.com/wp-content/uploads/2021/11/Greenbrier-ESG-Report_11052021.pdf (2021 report)",anna.vaught@gbrx.com: named work email; name matches; domain matches gbrx.com; single email,BHM + safety angle,"BHM + safety angle - manufacturer with a reported African American ERG and stated safety-first culture, so a safety-hero film plus BHM fits both.",Medium,1,DRAFT-ELIGIBLE after split approval,no,1,0
19,Choice Hotels International / choicehotels.com,other (hospitality/franchisor; none of the listed sectors fits),"1,754 associates at 12/31/2025 (1,562 US, 192 intl), excl. managed-hotel staff (snippet, not opened) https://www.sec.gov/Archives/edgar/data/1046311/000104631126000008/chh-20251231.htm","Michelle Shirley | Senior Director of Benefits, Wellbeing and Belonging | Lusha record (michelle.shirley@choicehotels.com, mshirley@i4cp.com)","HR / People (benefits, wellbeing, belonging)",Director,unknown,"Weak: careers page (opened, undated) says Choice has 13 voluntary associate-led Choice Resource Groups, names only in images; no Black History Month/Juneteenth mention found. https://careers.choicehotels.com/youre-welcomed-here. No dated BHM/Juneteenth event within 18 months found.",none found,"michelle.shirley@choicehotels.com: named work email, matches name and company domain. mshirley@i4cp.com: named email, matches name but domain i4cp.com is NOT Choice Hotels' domain (likely a former/other affiliation); person has two emails. Prefer the choicehotels.com address, verify before use.",BHM-first,"BHM-first: her title includes Belonging and Choice has 13 CRGs (undated page), but no dated BHM evidence, so this is a default, not evidence-based.",Medium,none,SKIP: hospitality; use choicehotels.com address only if later approved,flag: False; reason: Belonging/wellbeing title is a direct fit for inclusion programming,2,1
20,Glanbia / glanbia.com,"manufacturing (nutrition products; Lusha hint only, not confirmed on a page opened)","~5,941 in 2025 per Revelio Labs (snippet, not opened) https://www.reveliolabs.com/companies/glanbia/employees/ ; third-party figures vary (TradingView ~5.79K May 2025, snippet); official annual report figure not found","Kristin Horbinski | Senior Director of Culture, Engagement and Belonging | Lusha record (khorbinski@glanbia.com)","HR / People (culture, engagement, belonging)",Director,unknown,none found,none found,"khorbinski@glanbia.com: named work email (first initial + last name), matches person and company domain glanbia.com. Single email.",BHM-first,"BHM-first: her title is culture and belonging, but no evidence was found, so this is a default, not evidence-based.",Low,1,DRAFT-ELIGIBLE after split approval,flag: False; reason: Culture/Belonging title is a fit,3,0
21,Environmental Air Systems / easinc.net,"construction & engineering (mechanical/electrical/plumbing contractor, EAS homepage opened)","not found (aggregators say 501-1,000, snippet, not opened https://www.zoominfo.com/c/environmental-air-systems/30772710; unreliable). Snippet says it is a Comfort Systems USA subsidiary",Julie Dubuc | Director of Learning and Talent Development | Lusha record (jdubuc@easinc.net),L&D,Director,unknown,"none found. Homepage (opened, 2026 footer) mentions an 'inclusive workplace' in careers FAQ only. https://www.easinc.net","Homepage says company is known for 'unmatched standards in safety, quality, and collaborative partnerships' and has a Safety section (opened, no program detail). https://www.easinc.net","jdubuc@easinc.net: named work email (first initial + last name), matches person and company domain easinc.net. Single email.",safety-first,safety-first: construction contractor whose own homepage leads with safety standards and no BHM programming was found.,Medium,2,DRAFT-ELIGIBLE after split approval,flag: False; reason: L&D lead is appropriate for training-style sessions,2,1
22,CareFirst BlueCross BlueShield / carefirst.com,healthcare (health insurer; Lusha says Finance),"5,700+ per CareFirst careers text reproduced on Talentally (snippet, not opened, undated) https://talentally.com/company/carefirst-bluecross-blueshield ; third-party range 2,904 to 10,000",Matthew Talley | Manager of Learning and Development | Lusha record (matthew.talley@carefirst.com),L&D,Manager,"A. Tonya Odom, Director of Diversity, Equity and Inclusion (snippet, not opened; role/date unverified) https://afro.com/?p=249552","Snippet only: over 1,500 employees in ERGs (undated, Talentally). No dated BHM/Juneteenth item found.",none found,"matthew.talley@carefirst.com: named work email (first.last), matches person and company domain. Single email.",BHM-first,"BHM-first: the company reports sizable ERG participation (undated snippet), but with no dated BHM or safety evidence this is a default, not evidence-based.",Low,none,"SKIP: insurer, weaker fit",flag: False; reason: L&D manager is a reasonable training buyer; DEI team likely owns BHM,3,0
23,Flow Traders / flowtraders.com,other (proprietary trading/finance),"626 total employees per Built In (page opened, undated, 2026 copyright) https://builtin.com/company/flow-traders/benefits ; US count not found",Jillian Grossberg | Employee Engagement Lead | Lusha record (jgrossberg@us.flowtraders.com),HR / People (employee engagement),Manager,unknown,"none found. Built In (opened, undated) says company offers 'diversity-based Employee Resource Groups', none named. https://builtin.com/company/flow-traders/benefits",none found,"jgrossberg@us.flowtraders.com: named work email (first initial + last name), matches person; domain is the us. subdomain of flowtraders.com, consistent with company domain. Single email.",BHM-first,"BHM-first: she runs engagement and ERGs are mentioned (undated, unnamed), but no dated evidence exists so this is a default, not evidence-based.",Low,none,"SKIP: trading firm, weaker fit","flag: False; reason: Engagement lead is HR/People, not sales/finance/IT, though firm is a trading firm",1,1
