org,type,why_it_fits,page_to_start_from,blocker
Cleveland Leadership Center (Leadership Cleveland),leadership program,"Class of 2027, 9 monthly sessions, announced 2026-06",https://www.cleveleads.org,site 403; email only seen in a snippet
Leadership Columbus,leadership program,"Class of 2027, monthly program days",search: Leadership Columbus Ohio,official site not opened
Leadership Pittsburgh,leadership program,9-month seminar series,search: Leadership Pittsburgh,site not opened
Leadership Fort Collins,leadership program,2026-27 monthly day sessions,https://form.jotform.com/261806116134147,only application form seen
Leadership Cobb,leadership program,2026-27 class,https://www.mdjonline.com/cobb_business_journal/leadership-cobb-announces-its-2027-class/article_b024d8fb-2929-41ca-92e7-ec24761b01b0.html,official site not opened
Leadership Duluth (chamber),leadership program,2025-26 monthly full-day sessions,https://duluthchamber.com,handbook PDF unreadable
Leadership Chapel Hill-Carrboro (chamber),leadership program,10 sessions May-Dec 2026,https://flywheeladvisors.com/?p=48835,only a consultant's address on page
"Bowling Green Chamber, Leadership Bowling Green",leadership program,Class of 2027 schedule,https://www.bgchamber.com,schedule PDF unreadable
North Tarrant Leadership Program,leadership program,2026-27 monthly Wednesdays,https://form.jotform.com/261686941229063,only application form seen
Cleveland Leadership Academy 43 (CSU Levin),leadership program,Inclusive leadership and belonging session 2026-10-16,https://levin.csuohio.edu,PDF only
SLEC 2027 (HMP Global),annual meeting (agency),2027 call for proposals,https://www.hmpglobalevents.com/slec/call-proposals-2027,page failed to load
AACRAO 2027 Annual Meeting,annual meeting,"session submission, Long Beach Apr 2027",https://www.aacrao.org,contact not opened
CREOG & APGO 2027,annual meeting,"film sessions and discussion dens, Denver Feb 2027",https://apgo.org/page/2027caam,403
AdNet 2027 (community foundations),annual meeting,"call for sessions, deadline 2026-10-23",https://cdn.ymaws.com/adnetcf.site-ym.com/resource/resmgr/AdNet2027_Call_for_Sessions_.pdf,PDF not read
ALCA (Aging Life Care) 2027,annual meeting,call closed 2026-09-30,https://www.surveymonkey.com/r/SFQ2JDS,form only
ASSP Central Florida chapter,safety chapter,monthly meetings and courses,https://centralfl.assp.org/contact-us/,contact form only
ASSP St. Louis chapter (Program Chair listed),safety chapter,monthly lunch meetings Oct-Dec 2026,https://stl.assp.org/chapter-officers/,no emails printed
ASSP New Jersey chapter,safety chapter,dinner meetings 2026-27,https://nj.assp.org/contact-us/,no emails printed
ASSP Sabine Neches chapter,safety chapter,meetings 2026,https://snc.assp.org/contact-us/,no emails printed
SHRM Volusia/Flagler,HR chapter,"monthly meetings, guest speaker form",https://affiliate.shrm.org/volusiaflagler,contact page 404/relative links
SHRM Kennebec Valley,HR chapter,2026 program calendar,https://kvhra.shrm.org,403
SHRM Eastern Indiana (EIHRA),HR chapter,2026 schedule,https://easternindianahrshrm.starchapter.com/meetinginfo.php?id=10,403
SHRM Harrisburg (HRPCPA),HR chapter,2026 meetings,https://hrpcpa.starchapter.com/meetinginfo.php,403
PMI Dallas,project mgmt chapter,"monthly dinners, Lunch & Learn series",https://pmidallas.starchapter.com/meetinginfo.php,403
PMI Chicagoland,project mgmt chapter,monthly dinners,https://pmichicagoland.starchapter.com,403
ASQ St. Louis Section,quality section,"monthly meetings, Program Chair listed",https://my.asq.org/communities/home/316,no email
ASCE Central Arkansas / Connecticut,engineering branch,monthly lunch and dinner talks,https://arasce.starchapter.com/meetinginfo.php?p_or_f=p,403
INSPYRE Innovation Hub (CenterState CEO),innovation hub,events Oct-Nov 2026,https://www.centerstateceo.com/contact,email masked
"Jacobson Institute, Grand View University",innovation program,"Business Innovators Breakfast (ideas, new ideas sustained), 4th annual May 2026",https://www.grandview.edu/BusinessInnovatorsBreakfast,no email found
DVIRC (manufacturing),manufacturing support,"Winning Teams, leadership certifications",https://www.dvirc.org/contact/,no email
Orlando Innovation League,innovation group,Innovation Stories talks,https://events.humanitix.com/innovation-stories-summer-26,form only
Tufts Derby Entrepreneurship Center,university,"speaker series, fireside chats",https://derbyecenter.tufts.edu,no email
"Cuyahoga Community College, Corporate College",workforce training,employer leadership training,https://tri-c.edu,not opened
"North Shore Community College, Corporate Training",workforce training,leadership courses for employers,http://www.northshore.edu/corporate,redirect not followed
"Ferguson Library (Stamford, CT)",library,Black History Month 2026 series with NAACP,https://www.fergusonlibrary.org/black-history-month-2026,no email on page
Alamance County Public Libraries (NC),library,Aug 2026 film and discussion event,https://alamancelibraries.libcal.com/event/16950202,staff email only
Kennebec Historical Society (ME),historical society,14-program 2026 series,https://kennebechistorical.org/eventscurrent.htm,phone only
Vanderbilt Black Cultural Center,university,Feb 2026 film nights,https://www.vanderbilt.edu/student-affairs/black-history-month,no role inbox
Utica/Oneida County NAACP,civic,Feb 2026 Black History Month program,https://mohawkvalleymuseums.us/?p=10585,no email
